date_time,maxtempC,mintempC,totalSnow_cm,sunHour,uvIndex,uvIndex,moon_illumination,moonrise,moonset,sunrise,sunset,DewPointC,FeelsLikeC,HeatIndexC,WindChillC,WindGustKmph,cloudcover,humidity,precipMM,pressure,tempC,visibility,winddirDegree,windspeedKmph
2018-12-11 00:00:00,31,26,0.0,10.2,7,1,21,10:02 AM,10:20 PM,06:56 AM,06:59 PM,24,30,30,27,8,44,85,0.0,1010,26,10,7,5
2018-12-11 03:00:00,31,26,0.0,10.2,7,1,21,10:02 AM,10:20 PM,06:56 AM,06:59 PM,24,29,29,26,10,40,86,0.0,1009,26,10,348,6
2018-12-11 06:00:00,31,26,0.0,10.2,7,1,21,10:02 AM,10:20 PM,06:56 AM,06:59 PM,24,31,31,27,8,34,82,0.0,1010,27,10,355,6
2018-12-11 09:00:00,31,26,0.0,10.2,7,8,21,10:02 AM,10:20 PM,06:56 AM,06:59 PM,24,38,38,32,6,31,63,0.0,1010,31,10,334,5
2018-12-11 12:00:00,31,26,0.0,10.2,7,7,21,10:02 AM,10:20 PM,06:56 AM,06:59 PM,24,37,37,32,7,74,64,0.0,1009,31,10,274,6
2018-12-11 15:00:00,31,26,0.0,10.2,7,7,21,10:02 AM,10:20 PM,06:56 AM,06:59 PM,24,37,37,31,10,33,67,2.7,1007,30,7,326,6
2018-12-11 18:00:00,31,26,0.0,10.2,7,7,21,10:02 AM,10:20 PM,06:56 AM,06:59 PM,24,31,31,27,15,60,84,0.0,1009,27,10,338,10
2018-12-11 21:00:00,31,26,0.0,10.2,7,1,21,10:02 AM,10:20 PM,06:56 AM,06:59 PM,24,31,31,27,14,33,85,1.1,1010,27,9,349,9
2018-12-12 00:00:00,29,26,0.0,10.3,7,1,29,10:49 AM,11:07 PM,06:57 AM,07:00 PM,24,30,30,27,12,56,86,0.0,1010,26,10,341,8
2018-12-12 03:00:00,29,26,0.0,10.3,7,1,29,10:49 AM,11:07 PM,06:57 AM,07:00 PM,24,30,30,26,13,57,86,0.3,1009,26,10,341,9
2018-12-12 06:00:00,29,26,0.0,10.3,7,1,29,10:49 AM,11:07 PM,06:57 AM,07:00 PM,24,30,30,27,7,77,83,0.0,1010,26,10,306,5
2018-12-12 09:00:00,29,26,0.0,10.3,7,6,29,10:49 AM,11:07 PM,06:57 AM,07:00 PM,25,35,35,29,10,50,76,3.6,1011,29,7,277,6
2018-12-12 12:00:00,29,26,0.0,10.3,7,6,29,10:49 AM,11:07 PM,06:57 AM,07:00 PM,24,34,34,29,10,73,73,0.0,1010,29,10,332,8
2018-12-12 15:00:00,29,26,0.0,10.3,7,7,29,10:49 AM,11:07 PM,06:57 AM,07:00 PM,23,33,33,29,9,51,69,0.1,1009,29,10,350,8
2018-12-12 18:00:00,29,26,0.0,10.3,7,7,29,10:49 AM,11:07 PM,06:57 AM,07:00 PM,24,31,31,27,9,60,80,0.0,1010,27,10,357,6
2018-12-12 21:00:00,29,26,0.0,10.3,7,1,29,10:49 AM,11:07 PM,06:57 AM,07:00 PM,24,30,30,27,9,62,83,0.1,1011,26,10,338,6
2018-12-13 00:00:00,29,26,0.0,11.6,6,1,36,11:34 AM,11:52 PM,06:57 AM,07:00 PM,23,30,30,27,10,71,83,0.0,1011,26,10,348,6
2018-12-13 03:00:00,29,26,0.0,11.6,6,1,36,11:34 AM,11:52 PM,06:57 AM,07:00 PM,23,29,29,26,11,59,85,0.1,1010,26,10,344,8
2018-12-13 06:00:00,29,26,0.0,11.6,6,1,36,11:34 AM,11:52 PM,06:57 AM,07:00 PM,23,30,30,27,6,68,83,0.0,1011,26,10,347,4
2018-12-13 09:00:00,29,26,0.0,11.6,6,6,36,11:34 AM,11:52 PM,06:57 AM,07:00 PM,24,34,34,30,7,45,73,1.3,1012,29,10,316,5
2018-12-13 12:00:00,29,26,0.0,11.6,6,7,36,11:34 AM,11:52 PM,06:57 AM,07:00 PM,25,34,34,29,9,48,79,0.0,1011,28,10,350,8
2018-12-13 15:00:00,29,26,0.0,11.6,6,6,36,11:34 AM,11:52 PM,06:57 AM,07:00 PM,24,33,33,29,17,50,75,2.2,1009,29,10,9,11
2018-12-13 18:00:00,29,26,0.0,11.6,6,7,36,11:34 AM,11:52 PM,06:57 AM,07:00 PM,24,30,30,27,11,57,84,0.0,1011,26,10,11,8
2018-12-13 21:00:00,29,26,0.0,11.6,6,1,36,11:34 AM,11:52 PM,06:57 AM,07:00 PM,24,29,29,26,15,80,85,0.0,1011,26,10,16,10
2018-12-14 00:00:00,28,25,0.0,8.9,6,1,43,12:17 PM,No moonset,06:58 AM,07:01 PM,24,29,29,26,12,86,88,0.0,1011,25,10,342,8
2018-12-14 03:00:00,28,25,0.0,8.9,6,1,43,12:17 PM,No moonset,06:58 AM,07:01 PM,23,28,28,25,16,84,88,2.1,1010,25,10,335,10
2018-12-14 06:00:00,28,25,0.0,8.9,6,1,43,12:17 PM,No moonset,06:58 AM,07:01 PM,24,29,29,26,10,72,86,0.0,1011,26,10,330,8
2018-12-14 09:00:00,28,25,0.0,8.9,6,6,43,12:17 PM,No moonset,06:58 AM,07:01 PM,24,33,33,28,14,59,78,2.1,1012,28,10,345,9
2018-12-14 12:00:00,28,25,0.0,8.9,6,6,43,12:17 PM,No moonset,06:58 AM,07:01 PM,24,31,31,27,15,79,85,0.0,1011,27,10,357,10
2018-12-14 15:00:00,28,25,0.0,8.9,6,6,43,12:17 PM,No moonset,06:58 AM,07:01 PM,24,31,31,27,20,49,85,3.9,1010,27,7,13,12
2018-12-14 18:00:00,28,25,0.0,8.9,6,6,43,12:17 PM,No moonset,06:58 AM,07:01 PM,24,29,29,26,10,80,88,0.0,1011,25,10,19,6
2018-12-14 21:00:00,28,25,0.0,8.9,6,1,43,12:17 PM,No moonset,06:58 AM,07:01 PM,24,29,29,26,10,88,90,0.3,1012,25,2,341,6
2018-12-15 00:00:00,29,25,0.0,10.3,6,1,51,01:00 PM,12:36 AM,06:58 AM,07:01 PM,24,29,29,26,10,63,93,0.0,1012,25,9,300,7
2018-12-15 03:00:00,29,25,0.0,10.3,6,1,51,01:00 PM,12:36 AM,06:58 AM,07:01 PM,24,29,29,26,7,56,93,2.4,1010,25,10,318,5
2018-12-15 06:00:00,29,25,0.0,10.3,6,1,51,01:00 PM,12:36 AM,06:58 AM,07:01 PM,24,29,29,25,7,100,92,0.0,1011,25,10,316,5
2018-12-15 09:00:00,29,25,0.0,10.3,6,6,51,01:00 PM,12:36 AM,06:58 AM,07:01 PM,24,31,31,27,5,64,85,0.1,1012,26,10,329,4
2018-12-15 12:00:00,29,25,0.0,10.3,6,7,51,01:00 PM,12:36 AM,06:58 AM,07:01 PM,24,34,34,30,1,56,73,0.0,1010,29,10,330,1
2018-12-15 15:00:00,29,25,0.0,10.3,6,7,51,01:00 PM,12:36 AM,06:58 AM,07:01 PM,24,33,33,29,3,55,74,0.0,1009,28,10,153,2
2018-12-15 18:00:00,29,25,0.0,10.3,6,7,51,01:00 PM,12:36 AM,06:58 AM,07:01 PM,23,30,30,27,3,56,82,0.0,1011,26,10,310,2
2018-12-15 21:00:00,29,25,0.0,10.3,6,1,51,01:00 PM,12:36 AM,06:58 AM,07:01 PM,24,30,30,26,7,46,85,0.6,1012,26,9,321,5
2018-12-16 00:00:00,31,25,0.0,7.6,6,1,58,01:43 PM,01:20 AM,06:59 AM,07:02 PM,24,29,29,26,6,100,87,0.0,1012,25,10,293,4
2018-12-16 03:00:00,31,25,0.0,7.6,6,1,58,01:43 PM,01:20 AM,06:59 AM,07:02 PM,24,29,29,26,7,67,87,0.0,1011,25,10,307,4
2018-12-16 06:00:00,31,25,0.0,7.6,6,1,58,01:43 PM,01:20 AM,06:59 AM,07:02 PM,24,30,30,27,7,48,84,0.0,1011,26,10,355,5
2018-12-16 09:00:00,31,25,0.0,7.6,6,8,58,01:43 PM,01:20 AM,06:59 AM,07:02 PM,23,36,36,31,5,48,64,0.0,1012,30,10,329,4
2018-12-16 12:00:00,31,25,0.0,7.6,6,7,58,01:43 PM,01:20 AM,06:59 AM,07:02 PM,23,37,37,32,6,89,60,0.0,1011,31,10,294,5
2018-12-16 15:00:00,31,25,0.0,7.6,6,6,58,01:43 PM,01:20 AM,06:59 AM,07:02 PM,25,34,34,29,7,63,76,4.5,1009,29,7,331,4
2018-12-16 18:00:00,31,25,0.0,7.6,6,7,58,01:43 PM,01:20 AM,06:59 AM,07:02 PM,24,30,30,26,11,62,86,0.0,1011,26,10,25,6
2018-12-16 21:00:00,31,25,0.0,7.6,6,1,58,01:43 PM,01:20 AM,06:59 AM,07:02 PM,24,29,29,26,9,44,87,0.3,1012,26,9,28,5
2018-12-17 00:00:00,32,25,0.0,10.3,7,1,65,02:26 PM,02:03 AM,06:59 AM,07:02 PM,24,29,29,26,10,47,87,0.0,1011,25,10,3,6
2018-12-17 03:00:00,32,25,0.0,10.3,7,1,65,02:26 PM,02:03 AM,06:59 AM,07:02 PM,23,29,29,26,9,34,88,0.0,1011,25,10,346,6
2018-12-17 06:00:00,32,25,0.0,10.3,7,1,65,02:26 PM,02:03 AM,06:59 AM,07:02 PM,23,30,30,27,2,48,83,0.0,1013,26,10,183,1
2018-12-17 09:00:00,32,25,0.0,10.3,7,8,65,02:26 PM,02:03 AM,06:59 AM,07:02 PM,23,35,35,31,7,24,62,0.1,1013,30,10,198,6
2018-12-17 12:00:00,32,25,0.0,10.3,7,8,65,02:26 PM,02:03 AM,06:59 AM,07:02 PM,23,37,37,32,6,27,58,0.0,1011,32,10,193,5
2018-12-17 15:00:00,32,25,0.0,10.3,7,8,65,02:26 PM,02:03 AM,06:59 AM,07:02 PM,23,35,35,31,8,30,63,0.0,1009,30,10,163,7
2018-12-17 18:00:00,32,25,0.0,10.3,7,6,65,02:26 PM,02:03 AM,06:59 AM,07:02 PM,23,31,31,28,4,100,78,0.0,1011,27,10,109,3
2018-12-17 21:00:00,32,25,0.0,10.3,7,1,65,02:26 PM,02:03 AM,06:59 AM,07:02 PM,24,31,31,27,7,75,81,0.0,1012,27,10,46,5
2018-12-18 00:00:00,32,26,0.0,11.6,6,1,72,03:11 PM,02:48 AM,07:00 AM,07:03 PM,24,30,30,27,9,100,84,0.0,1012,26,10,23,6
2018-12-18 03:00:00,32,26,0.0,11.6,6,1,72,03:11 PM,02:48 AM,07:00 AM,07:03 PM,24,30,30,26,10,59,87,0.2,1011,26,10,14,7
2018-12-18 06:00:00,32,26,0.0,11.6,6,1,72,03:11 PM,02:48 AM,07:00 AM,07:03 PM,24,30,30,27,11,71,86,0.0,1012,26,10,15,8
2018-12-18 09:00:00,32,26,0.0,11.6,6,6,72,03:11 PM,02:48 AM,07:00 AM,07:03 PM,24,33,33,28,9,46,80,0.9,1012,28,10,22,7
2018-12-18 12:00:00,32,26,0.0,11.6,6,8,72,03:11 PM,02:48 AM,07:00 AM,07:03 PM,24,38,38,32,7,21,62,0.0,1011,32,10,103,6
2018-12-18 15:00:00,32,26,0.0,11.6,6,8,72,03:11 PM,02:48 AM,07:00 AM,07:03 PM,24,36,36,31,10,13,65,0.0,1009,31,10,105,9
2018-12-18 18:00:00,32,26,0.0,11.6,6,7,72,03:11 PM,02:48 AM,07:00 AM,07:03 PM,24,32,32,28,12,39,78,0.0,1011,27,10,89,8
2018-12-18 21:00:00,32,26,0.0,11.6,6,1,72,03:11 PM,02:48 AM,07:00 AM,07:03 PM,23,31,31,27,13,45,80,0.0,1012,27,10,75,8
2018-12-19 00:00:00,33,26,0.0,11.6,7,1,80,03:59 PM,03:35 AM,07:00 AM,07:03 PM,23,30,30,27,11,43,83,0.0,1012,26,10,51,7
2018-12-19 03:00:00,33,26,0.0,11.6,7,1,80,03:59 PM,03:35 AM,07:00 AM,07:03 PM,24,30,30,26,11,24,84,0.3,1011,26,9,36,7
2018-12-19 06:00:00,33,26,0.0,11.6,7,1,80,03:59 PM,03:35 AM,07:00 AM,07:03 PM,24,31,31,27,8,22,81,0.0,1012,27,10,18,6
2018-12-19 09:00:00,33,26,0.0,11.6,7,7,80,03:59 PM,03:35 AM,07:00 AM,07:03 PM,23,37,37,31,7,37,63,0.3,1013,31,9,26,6
2018-12-19 12:00:00,33,26,0.0,11.6,7,8,80,03:59 PM,03:35 AM,07:00 AM,07:03 PM,23,40,40,34,3,36,55,0.0,1012,33,10,325,3
2018-12-19 15:00:00,33,26,0.0,11.6,7,7,80,03:59 PM,03:35 AM,07:00 AM,07:03 PM,24,37,37,32,2,18,61,1.2,1010,31,9,326,1
2018-12-19 18:00:00,33,26,0.0,11.6,7,7,80,03:59 PM,03:35 AM,07:00 AM,07:03 PM,24,32,32,28,6,17,78,0.0,1011,27,10,357,4
2018-12-19 21:00:00,33,26,0.0,11.6,7,1,80,03:59 PM,03:35 AM,07:00 AM,07:03 PM,24,31,31,27,12,19,83,0.0,1012,27,10,18,8
2018-12-20 00:00:00,33,26,0.0,11.6,7,1,87,04:50 PM,04:25 AM,07:01 AM,07:04 PM,24,30,30,27,14,31,83,0.0,1012,26,10,16,9
2018-12-20 03:00:00,33,26,0.0,11.6,7,1,87,04:50 PM,04:25 AM,07:01 AM,07:04 PM,23,29,29,26,17,20,84,0.0,1011,26,10,11,11
2018-12-20 06:00:00,33,26,0.0,11.6,7,1,87,04:50 PM,04:25 AM,07:01 AM,07:04 PM,24,30,30,27,13,22,82,0.0,1012,26,10,20,10
2018-12-20 09:00:00,33,26,0.0,11.6,7,8,87,04:50 PM,04:25 AM,07:01 AM,07:04 PM,23,36,36,31,12,13,63,0.0,1012,31,10,16,10
2018-12-20 12:00:00,33,26,0.0,11.6,7,8,87,04:50 PM,04:25 AM,07:01 AM,07:04 PM,23,40,40,34,6,15,54,0.0,1010,33,10,337,5
2018-12-20 15:00:00,33,26,0.0,11.6,7,7,87,04:50 PM,04:25 AM,07:01 AM,07:04 PM,24,37,37,31,5,27,66,0.9,1008,31,9,285,4
2018-12-20 18:00:00,33,26,0.0,11.6,7,7,87,04:50 PM,04:25 AM,07:01 AM,07:04 PM,25,33,33,28,4,15,81,0.0,1010,27,10,357,3
2018-12-20 21:00:00,33,26,0.0,11.6,7,1,87,04:50 PM,04:25 AM,07:01 AM,07:04 PM,24,31,31,27,13,25,85,0.1,1011,27,10,23,8
2018-12-21 00:00:00,31,26,0.0,11.6,7,1,94,05:45 PM,05:19 AM,07:01 AM,07:04 PM,25,31,31,27,15,11,87,0.0,1011,26,10,17,11
2018-12-21 03:00:00,31,26,0.0,11.6,7,1,94,05:45 PM,05:19 AM,07:01 AM,07:04 PM,24,30,30,26,18,12,88,0.6,1010,26,10,2,12
2018-12-21 06:00:00,31,26,0.0,11.6,7,1,94,05:45 PM,05:19 AM,07:01 AM,07:04 PM,24,31,31,27,14,21,84,0.0,1011,27,10,355,10
2018-12-21 09:00:00,31,26,0.0,11.6,7,8,94,05:45 PM,05:19 AM,07:01 AM,07:04 PM,24,36,36,31,15,11,67,0.4,1011,30,10,3,12
2018-12-21 12:00:00,31,26,0.0,11.6,7,8,94,05:45 PM,05:19 AM,07:01 AM,07:04 PM,24,37,37,31,11,18,66,0.0,1010,31,10,356,10
2018-12-21 15:00:00,31,26,0.0,11.6,7,6,94,05:45 PM,05:19 AM,07:01 AM,07:04 PM,24,35,35,30,19,52,72,3.9,1008,30,7,7,11
2018-12-21 18:00:00,31,26,0.0,11.6,7,6,94,05:45 PM,05:19 AM,07:01 AM,07:04 PM,24,31,31,28,18,50,81,5.7,1010,27,7,15,9
2018-12-21 21:00:00,31,26,0.0,11.6,7,1,94,05:45 PM,05:19 AM,07:01 AM,07:04 PM,24,32,32,28,21,79,80,3.0,1010,28,8,17,13
2018-12-22 00:00:00,30,25,0.0,11.6,7,1,100,06:44 PM,06:17 AM,07:02 AM,07:05 PM,23,30,30,27,10,24,83,0.0,1011,26,10,8,6
2018-12-22 03:00:00,30,25,0.0,11.6,7,1,100,06:44 PM,06:17 AM,07:02 AM,07:05 PM,23,29,29,26,12,18,85,0.0,1010,25,10,8,8
2018-12-22 06:00:00,30,25,0.0,11.6,7,1,100,06:44 PM,06:17 AM,07:02 AM,07:05 PM,24,30,30,27,12,26,84,0.0,1011,26,10,358,9
2018-12-22 09:00:00,30,25,0.0,11.6,7,6,100,06:44 PM,06:17 AM,07:02 AM,07:05 PM,24,34,34,29,12,22,74,0.8,1011,29,9,354,9
2018-12-22 12:00:00,30,25,0.0,11.6,7,7,100,06:44 PM,06:17 AM,07:02 AM,07:05 PM,24,35,35,30,11,20,68,0.0,1010,30,10,356,9
2018-12-22 15:00:00,30,25,0.0,11.6,7,7,100,06:44 PM,06:17 AM,07:02 AM,07:05 PM,23,35,35,31,11,25,64,0.4,1008,30,9,4,9
2018-12-22 18:00:00,30,25,0.0,11.6,7,7,100,06:44 PM,06:17 AM,07:02 AM,07:05 PM,24,31,31,28,18,11,81,0.0,1010,27,10,27,11
2018-12-22 21:00:00,30,25,0.0,11.6,7,1,100,06:44 PM,06:17 AM,07:02 AM,07:05 PM,23,30,30,26,18,13,83,0.2,1010,26,9,22,11
2018-12-23 00:00:00,31,25,0.0,11.6,7,1,100,07:46 PM,07:18 AM,07:02 AM,07:05 PM,24,30,30,26,10,17,87,0.0,1010,25,10,14,7
2018-12-23 03:00:00,31,25,0.0,11.6,7,1,100,07:46 PM,07:18 AM,07:02 AM,07:05 PM,24,29,29,26,13,31,88,0.9,1010,25,9,356,8
2018-12-23 06:00:00,31,25,0.0,11.6,7,1,100,07:46 PM,07:18 AM,07:02 AM,07:05 PM,24,30,30,27,9,34,85,0.0,1011,26,10,346,7
2018-12-23 09:00:00,31,25,0.0,11.6,7,6,100,07:46 PM,07:18 AM,07:02 AM,07:05 PM,24,36,36,31,8,12,68,0.9,1012,29,9,340,6
2018-12-23 12:00:00,31,25,0.0,11.6,7,8,100,07:46 PM,07:18 AM,07:02 AM,07:05 PM,23,37,37,32,4,23,59,0.0,1010,31,10,334,4
2018-12-23 15:00:00,31,25,0.0,11.6,7,8,100,07:46 PM,07:18 AM,07:02 AM,07:05 PM,23,36,36,31,2,12,63,0.7,1009,30,10,268,1
2018-12-23 18:00:00,31,25,0.0,11.6,7,7,100,07:46 PM,07:18 AM,07:02 AM,07:05 PM,23,31,31,28,9,27,76,0.0,1010,27,10,16,5
2018-12-23 21:00:00,31,25,0.0,11.6,7,1,100,07:46 PM,07:18 AM,07:02 AM,07:05 PM,23,30,30,27,10,19,81,0.0,1010,26,10,357,6
2018-12-24 00:00:00,32,25,0.0,11.6,7,1,84,08:49 PM,08:20 AM,07:03 AM,07:06 PM,24,30,30,27,9,25,84,0.0,1010,26,10,339,6
2018-12-24 03:00:00,32,25,0.0,11.6,7,1,84,08:49 PM,08:20 AM,07:03 AM,07:06 PM,23,29,29,26,9,28,85,0.0,1010,25,10,343,6
2018-12-24 06:00:00,32,25,0.0,11.6,7,1,84,08:49 PM,08:20 AM,07:03 AM,07:06 PM,23,29,29,26,10,32,82,0.0,1010,26,10,8,7
2018-12-24 09:00:00,32,25,0.0,11.6,7,7,84,08:49 PM,08:20 AM,07:03 AM,07:06 PM,23,36,36,31,7,14,62,0.2,1010,30,9,330,6
2018-12-24 12:00:00,32,25,0.0,11.6,7,8,84,08:49 PM,08:20 AM,07:03 AM,07:06 PM,23,39,39,34,5,13,55,0.0,1009,32,10,329,5
2018-12-24 15:00:00,32,25,0.0,11.6,7,7,84,08:49 PM,08:20 AM,07:03 AM,07:06 PM,23,36,36,32,6,18,60,0.2,1007,31,9,284,5
2018-12-24 18:00:00,32,25,0.0,11.6,7,7,84,08:49 PM,08:20 AM,07:03 AM,07:06 PM,24,33,33,28,3,19,78,0.0,1009,27,10,347,2
2018-12-24 21:00:00,32,25,0.0,11.6,7,1,84,08:49 PM,08:20 AM,07:03 AM,07:06 PM,24,31,31,27,9,19,83,0.4,1010,27,9,354,6
2018-12-25 00:00:00,31,26,0.0,11.6,7,1,77,09:51 PM,09:23 AM,07:03 AM,07:06 PM,25,32,32,27,9,9,85,0.0,1010,26,10,337,7
2018-12-25 03:00:00,31,26,0.0,11.6,7,1,77,09:51 PM,09:23 AM,07:03 AM,07:06 PM,24,30,30,27,13,9,87,0.0,1009,26,10,326,9
2018-12-25 06:00:00,31,26,0.0,11.6,7,1,77,09:51 PM,09:23 AM,07:03 AM,07:06 PM,24,30,30,27,12,19,85,0.0,1010,26,10,325,9
2018-12-25 09:00:00,31,26,0.0,11.6,7,7,77,09:51 PM,09:23 AM,07:03 AM,07:06 PM,23,31,31,28,16,53,78,0.1,1010,28,10,311,12
2018-12-25 12:00:00,31,26,0.0,11.6,7,8,77,09:51 PM,09:23 AM,07:03 AM,07:06 PM,23,36,36,32,12,23,60,0.0,1010,31,10,287,11
2018-12-25 15:00:00,31,26,0.0,11.6,7,7,77,09:51 PM,09:23 AM,07:03 AM,07:06 PM,23,35,35,31,13,20,63,0.2,1007,31,9,276,12
2018-12-25 18:00:00,31,26,0.0,11.6,7,7,77,09:51 PM,09:23 AM,07:03 AM,07:06 PM,24,32,32,28,12,18,78,0.0,1009,28,10,311,8
2018-12-25 21:00:00,31,26,0.0,11.6,7,1,77,09:51 PM,09:23 AM,07:03 AM,07:06 PM,24,31,31,27,16,18,83,3.5,1010,26,7,296,9
2018-12-26 00:00:00,31,26,0.0,11.6,7,1,69,10:49 PM,10:22 AM,07:04 AM,07:07 PM,23,30,30,27,17,28,83,0.0,1010,26,10,313,10
2018-12-26 03:00:00,31,26,0.0,11.6,7,1,69,10:49 PM,10:22 AM,07:04 AM,07:07 PM,23,29,29,26,18,27,83,0.1,1009,26,10,308,11
2018-12-26 06:00:00,31,26,0.0,11.6,7,1,69,10:49 PM,10:22 AM,07:04 AM,07:07 PM,24,31,31,27,13,18,81,0.0,1010,27,10,307,10
2018-12-26 09:00:00,31,26,0.0,11.6,7,6,69,10:49 PM,10:22 AM,07:04 AM,07:07 PM,23,34,34,30,21,29,66,1.1,1010,30,9,284,15
2018-12-26 12:00:00,31,26,0.0,11.6,7,8,69,10:49 PM,10:22 AM,07:04 AM,07:07 PM,24,37,37,31,17,14,63,0.0,1009,31,10,282,15
2018-12-26 15:00:00,31,26,0.0,11.6,7,7,69,10:49 PM,10:22 AM,07:04 AM,07:07 PM,24,36,36,31,20,18,65,1.9,1007,31,9,292,14
2018-12-26 18:00:00,31,26,0.0,11.6,7,7,69,10:49 PM,10:22 AM,07:04 AM,07:07 PM,24,32,32,28,16,22,82,0.0,1009,27,10,303,9
2018-12-26 21:00:00,31,26,0.0,11.6,7,1,69,10:49 PM,10:22 AM,07:04 AM,07:07 PM,24,30,30,27,21,34,84,1.5,1009,27,9,319,12
2018-12-27 00:00:00,30,26,0.0,10.2,7,1,62,11:44 PM,11:18 AM,07:04 AM,07:07 PM,24,30,30,27,17,29,84,0.0,1009,26,10,318,11
2018-12-27 03:00:00,30,26,0.0,10.2,7,1,62,11:44 PM,11:18 AM,07:04 AM,07:07 PM,23,29,29,26,17,44,85,0.0,1009,26,10,314,11
2018-12-27 06:00:00,30,26,0.0,10.2,7,1,62,11:44 PM,11:18 AM,07:04 AM,07:07 PM,23,30,30,27,14,52,81,0.0,1009,26,10,303,10
2018-12-27 09:00:00,30,26,0.0,10.2,7,7,62,11:44 PM,11:18 AM,07:04 AM,07:07 PM,23,33,33,29,16,48,67,0.0,1010,29,10,297,14
2018-12-27 12:00:00,30,26,0.0,10.2,7,7,62,11:44 PM,11:18 AM,07:04 AM,07:07 PM,23,35,35,31,14,73,65,0.0,1009,30,10,276,12
2018-12-27 15:00:00,30,26,0.0,10.2,7,7,62,11:44 PM,11:18 AM,07:04 AM,07:07 PM,24,34,34,29,12,37,72,0.1,1008,29,10,282,10
2018-12-27 18:00:00,30,26,0.0,10.2,7,7,62,11:44 PM,11:18 AM,07:04 AM,07:07 PM,24,31,31,27,13,50,82,0.0,1009,27,10,300,8
2018-12-27 21:00:00,30,26,0.0,10.2,7,1,62,11:44 PM,11:18 AM,07:04 AM,07:07 PM,24,30,30,27,14,48,83,0.4,1009,26,9,306,9
2018-12-28 00:00:00,32,26,0.0,11.6,7,1,55,No moonrise,12:10 PM,07:05 AM,07:08 PM,24,30,30,27,13,29,84,0.0,1009,26,10,328,9
2018-12-28 03:00:00,32,26,0.0,11.6,7,1,55,No moonrise,12:10 PM,07:05 AM,07:08 PM,23,29,29,26,14,31,84,0.7,1009,26,9,308,9
2018-12-28 06:00:00,32,26,0.0,11.6,7,1,55,No moonrise,12:10 PM,07:05 AM,07:08 PM,23,31,31,27,13,29,80,0.0,1010,27,10,297,9
2018-12-28 09:00:00,32,26,0.0,11.6,7,7,55,No moonrise,12:10 PM,07:05 AM,07:08 PM,23,34,34,30,16,18,64,0.3,1010,30,9,278,13
2018-12-28 12:00:00,32,26,0.0,11.6,7,8,55,No moonrise,12:10 PM,07:05 AM,07:08 PM,23,37,37,32,14,25,58,0.0,1008,32,10,282,12
2018-12-28 15:00:00,32,26,0.0,11.6,7,7,55,No moonrise,12:10 PM,07:05 AM,07:08 PM,23,36,36,31,15,13,61,0.6,1007,31,9,281,12
2018-12-28 18:00:00,32,26,0.0,11.6,7,7,55,No moonrise,12:10 PM,07:05 AM,07:08 PM,24,32,32,28,13,16,80,0.0,1009,27,10,294,8
2018-12-28 21:00:00,32,26,0.0,11.6,7,1,55,No moonrise,12:10 PM,07:05 AM,07:08 PM,24,30,30,27,11,27,83,1.0,1010,26,9,348,6
2018-12-29 00:00:00,31,25,0.0,11.6,7,1,48,12:35 AM,01:00 PM,07:05 AM,07:08 PM,24,30,30,26,13,39,85,0.0,1010,26,10,0,8
2018-12-29 03:00:00,31,25,0.0,11.6,7,1,48,12:35 AM,01:00 PM,07:05 AM,07:08 PM,24,29,29,26,13,30,87,0.0,1009,25,10,357,8
2018-12-29 06:00:00,31,25,0.0,11.6,7,1,48,12:35 AM,01:00 PM,07:05 AM,07:08 PM,24,31,31,27,7,39,82,0.0,1011,26,10,295,5
2018-12-29 09:00:00,31,25,0.0,11.6,7,7,48,12:35 AM,01:00 PM,07:05 AM,07:08 PM,23,35,35,30,9,27,66,0.0,1011,30,10,282,8
2018-12-29 12:00:00,31,25,0.0,11.6,7,8,48,12:35 AM,01:00 PM,07:05 AM,07:08 PM,23,36,36,31,11,42,62,0.0,1010,31,10,288,9
2018-12-29 15:00:00,31,25,0.0,11.6,7,8,48,12:35 AM,01:00 PM,07:05 AM,07:08 PM,23,35,35,31,13,26,65,0.0,1009,30,10,285,11
2018-12-29 18:00:00,31,25,0.0,11.6,7,7,48,12:35 AM,01:00 PM,07:05 AM,07:08 PM,24,32,32,28,10,27,77,0.0,1010,27,10,297,6
2018-12-29 21:00:00,31,25,0.0,11.6,7,1,48,12:35 AM,01:00 PM,07:05 AM,07:08 PM,24,31,31,28,12,28,80,0.0,1011,27,10,318,8
2018-12-30 00:00:00,32,26,0.0,11.6,7,1,40,01:25 AM,01:48 PM,07:05 AM,07:09 PM,24,30,30,27,14,58,83,0.0,1011,26,10,330,9
2018-12-30 03:00:00,32,26,0.0,11.6,7,1,40,01:25 AM,01:48 PM,07:05 AM,07:09 PM,24,29,29,26,16,69,85,0.0,1011,26,10,337,10
2018-12-30 06:00:00,32,26,0.0,11.6,7,1,40,01:25 AM,01:48 PM,07:05 AM,07:09 PM,24,31,31,27,14,59,83,0.0,1012,27,10,341,10
2018-12-30 09:00:00,32,26,0.0,11.6,7,8,40,01:25 AM,01:48 PM,07:05 AM,07:09 PM,23,35,35,31,13,35,66,0.0,1012,30,10,327,12
2018-12-30 12:00:00,32,26,0.0,11.6,7,8,40,01:25 AM,01:48 PM,07:05 AM,07:09 PM,23,39,39,33,12,25,58,0.0,1011,32,10,296,10
2018-12-30 15:00:00,32,26,0.0,11.6,7,7,40,01:25 AM,01:48 PM,07:05 AM,07:09 PM,24,37,37,31,14,15,66,2.1,1009,31,9,332,9
2018-12-30 18:00:00,32,26,0.0,11.6,7,7,40,01:25 AM,01:48 PM,07:05 AM,07:09 PM,24,32,32,27,10,23,84,0.0,1011,27,10,30,6
2018-12-30 21:00:00,32,26,0.0,11.6,7,1,40,01:25 AM,01:48 PM,07:05 AM,07:09 PM,24,30,30,26,16,29,87,1.2,1012,26,9,5,10
2018-12-31 00:00:00,31,25,0.0,11.6,7,1,36,02:13 AM,02:34 PM,07:06 AM,07:09 PM,24,30,30,26,16,19,87,0.0,1012,26,10,5,10
2018-12-31 03:00:00,31,25,0.0,11.6,7,1,36,02:13 AM,02:34 PM,07:06 AM,07:09 PM,24,29,29,26,18,17,89,0.7,1012,25,9,346,12
2018-12-31 06:00:00,31,25,0.0,11.6,7,1,36,02:13 AM,02:34 PM,07:06 AM,07:09 PM,24,31,31,27,14,17,86,0.0,1013,26,10,338,10
2018-12-31 09:00:00,31,25,0.0,11.6,7,6,36,02:13 AM,02:34 PM,07:06 AM,07:09 PM,23,34,34,30,19,23,69,0.7,1013,29,9,330,15
2018-12-31 12:00:00,31,25,0.0,11.6,7,8,36,02:13 AM,02:34 PM,07:06 AM,07:09 PM,24,37,37,31,12,28,66,0.0,1012,31,10,337,11
2018-12-31 15:00:00,31,25,0.0,11.6,7,6,36,02:13 AM,02:34 PM,07:06 AM,07:09 PM,25,35,35,30,16,32,74,4.6,1010,29,7,338,9
2018-12-31 18:00:00,31,25,0.0,11.6,7,7,36,02:13 AM,02:34 PM,07:06 AM,07:09 PM,24,30,30,26,16,35,86,0.0,1012,26,10,347,9
2018-12-31 21:00:00,31,25,0.0,11.6,7,1,36,02:13 AM,02:34 PM,07:06 AM,07:09 PM,23,29,29,26,19,21,86,1.5,1013,26,9,346,11
2019-01-01 00:00:00,32,26,0.0,8.8,6,1,26,03:01 AM,03:22 PM,07:06 AM,07:10 PM,23,30,30,27,23,59,81,1.4,1012,27,10,347,15
2019-01-01 03:00:00,32,26,0.0,8.8,6,1,26,03:01 AM,03:22 PM,07:06 AM,07:10 PM,23,29,29,26,22,55,82,1.0,1011,26,9,333,14
2019-01-01 06:00:00,32,26,0.0,8.8,6,1,26,03:01 AM,03:22 PM,07:06 AM,07:10 PM,23,29,29,26,19,20,81,0.0,1011,26,10,314,13
2019-01-01 09:00:00,32,26,0.0,8.8,6,7,26,03:01 AM,03:22 PM,07:06 AM,07:10 PM,23,30,30,27,18,16,76,0.0,1012,27,10,304,13
2019-01-01 12:00:00,32,26,0.0,8.8,6,7,26,03:01 AM,03:22 PM,07:06 AM,07:10 PM,22,34,34,30,14,32,62,0.0,1012,30,10,319,12
2019-01-01 15:00:00,32,26,0.0,8.8,6,7,26,03:01 AM,03:22 PM,07:06 AM,07:10 PM,23,36,36,32,14,70,60,0.0,1011,32,10,312,10
2019-01-01 18:00:00,32,26,0.0,8.8,6,7,26,03:01 AM,03:22 PM,07:06 AM,07:10 PM,24,35,35,30,15,82,69,0.2,1010,30,10,297,10
2019-01-01 21:00:00,32,26,0.0,8.8,6,1,26,03:01 AM,03:22 PM,07:06 AM,07:10 PM,24,32,32,28,16,84,77,0.7,1011,28,9,301,10
2019-01-02 00:00:00,31,27,0.0,10.2,6,1,19,03:49 AM,04:09 PM,07:07 AM,07:10 PM,23,31,31,27,17,84,79,0.7,1011,27,9,310,12
2019-01-02 03:00:00,31,27,0.0,10.2,6,1,19,03:49 AM,04:09 PM,07:07 AM,07:10 PM,23,30,30,27,22,81,81,0.6,1010,27,9,292,15
2019-01-02 06:00:00,31,27,0.0,10.2,6,1,19,03:49 AM,04:09 PM,07:07 AM,07:10 PM,23,30,30,27,28,84,82,0.8,1010,27,9,291,18
2019-01-02 09:00:00,31,27,0.0,10.2,6,7,19,03:49 AM,04:09 PM,07:07 AM,07:10 PM,23,31,31,28,24,60,76,1.3,1011,28,10,295,17
2019-01-02 12:00:00,31,27,0.0,10.2,6,7,19,03:49 AM,04:09 PM,07:07 AM,07:10 PM,22,33,33,30,22,47,62,0.0,1012,30,10,310,17
2019-01-02 15:00:00,31,27,0.0,10.2,6,7,19,03:49 AM,04:09 PM,07:07 AM,07:10 PM,23,35,35,31,22,78,63,0.0,1010,31,10,290,15
2019-01-02 18:00:00,31,27,0.0,10.2,6,6,19,03:49 AM,04:09 PM,07:07 AM,07:10 PM,24,34,34,29,24,59,72,0.4,1009,29,10,270,16
2019-01-02 21:00:00,31,27,0.0,10.2,6,1,19,03:49 AM,04:09 PM,07:07 AM,07:10 PM,24,32,32,28,30,78,81,0.7,1010,28,9,275,19
2019-01-03 00:00:00,31,27,0.0,11.6,6,1,11,04:38 AM,04:58 PM,07:07 AM,07:11 PM,24,31,31,27,29,80,83,0.5,1011,27,9,279,19
2019-01-03 03:00:00,31,27,0.0,11.6,6,1,11,04:38 AM,04:58 PM,07:07 AM,07:11 PM,24,31,31,27,31,63,84,0.7,1010,27,9,274,20
2019-01-03 06:00:00,31,27,0.0,11.6,6,1,11,04:38 AM,04:58 PM,07:07 AM,07:11 PM,24,31,31,27,32,41,84,0.0,1010,27,10,275,21
2019-01-03 09:00:00,31,27,0.0,11.6,6,7,11,04:38 AM,04:58 PM,07:07 AM,07:11 PM,24,32,32,28,30,39,80,0.0,1011,28,10,272,21
2019-01-03 12:00:00,31,27,0.0,11.6,6,8,11,04:38 AM,04:58 PM,07:07 AM,07:11 PM,24,36,36,30,31,18,70,0.0,1011,30,10,269,24
2019-01-03 15:00:00,31,27,0.0,11.6,6,8,11,04:38 AM,04:58 PM,07:07 AM,07:11 PM,24,37,37,31,39,5,64,0.0,1010,31,10,269,29
2019-01-03 18:00:00,31,27,0.0,11.6,6,8,11,04:38 AM,04:58 PM,07:07 AM,07:11 PM,23,35,35,30,41,8,67,0.0,1009,30,10,277,28
2019-01-03 21:00:00,31,27,0.0,11.6,6,1,11,04:38 AM,04:58 PM,07:07 AM,07:11 PM,23,32,32,28,35,11,75,0.0,1010,28,10,287,22
2019-01-04 00:00:00,32,27,0.0,11.6,7,1,4,05:28 AM,05:47 PM,07:08 AM,07:11 PM,23,31,31,28,32,12,77,0.0,1011,28,10,292,20
2019-01-04 03:00:00,32,27,0.0,11.6,7,1,4,05:28 AM,05:47 PM,07:08 AM,07:11 PM,23,30,30,27,31,11,79,0.0,1010,27,10,289,20
2019-01-04 06:00:00,32,27,0.0,11.6,7,1,4,05:28 AM,05:47 PM,07:08 AM,07:11 PM,23,30,30,27,30,10,81,0.0,1011,27,10,290,19
2019-01-04 09:00:00,32,27,0.0,11.6,7,7,4,05:28 AM,05:47 PM,07:08 AM,07:11 PM,23,32,32,28,27,11,77,0.0,1012,28,10,283,19
2019-01-04 12:00:00,32,27,0.0,11.6,7,8,4,05:28 AM,05:47 PM,07:08 AM,07:11 PM,23,35,35,31,25,9,65,0.0,1012,31,10,266,19
2019-01-04 15:00:00,32,27,0.0,11.6,7,8,4,05:28 AM,05:47 PM,07:08 AM,07:11 PM,23,36,36,32,28,13,60,0.0,1011,32,10,261,21
2019-01-04 18:00:00,32,27,0.0,11.6,7,8,4,05:28 AM,05:47 PM,07:08 AM,07:11 PM,23,35,35,31,26,15,62,0.0,1010,31,10,268,17
2019-01-04 21:00:00,32,27,0.0,11.6,7,1,4,05:28 AM,05:47 PM,07:08 AM,07:11 PM,23,33,33,29,21,38,69,0.3,1011,29,10,290,13
2019-01-05 00:00:00,32,27,0.0,6.0,6,1,0,06:17 AM,06:37 PM,07:08 AM,07:11 PM,23,31,31,28,15,83,74,1.2,1012,28,10,227,10
2019-01-05 03:00:00,32,27,0.0,6.0,6,1,0,06:17 AM,06:37 PM,07:08 AM,07:11 PM,23,31,31,27,10,80,78,1.1,1011,27,10,72,7
2019-01-05 06:00:00,32,27,0.0,6.0,6,1,0,06:17 AM,06:37 PM,07:08 AM,07:11 PM,23,31,31,27,10,62,80,0.2,1011,27,10,133,7
2019-01-05 09:00:00,32,27,0.0,6.0,6,6,0,06:17 AM,06:37 PM,07:08 AM,07:11 PM,23,32,32,28,6,63,75,0.2,1012,28,10,135,5
2019-01-05 12:00:00,32,27,0.0,6.0,6,7,0,06:17 AM,06:37 PM,07:08 AM,07:11 PM,23,35,35,31,6,74,64,0.1,1012,31,10,105,6
2019-01-05 15:00:00,32,27,0.0,6.0,6,7,0,06:17 AM,06:37 PM,07:08 AM,07:11 PM,23,36,36,31,12,82,63,0.5,1011,31,10,91,10
2019-01-05 18:00:00,32,27,0.0,6.0,6,6,0,06:17 AM,06:37 PM,07:08 AM,07:11 PM,24,35,35,29,21,83,74,1.4,1010,29,9,57,14
2019-01-05 21:00:00,32,27,0.0,6.0,6,1,0,06:17 AM,06:37 PM,07:08 AM,07:11 PM,24,32,32,28,22,56,83,1.1,1011,28,9,41,14
2019-01-06 00:00:00,30,27,0.0,6.0,6,1,0,07:08 AM,07:27 PM,07:09 AM,07:12 PM,25,32,32,27,18,41,85,0.1,1012,27,10,38,12
2019-01-06 03:00:00,30,27,0.0,6.0,6,1,0,07:08 AM,07:27 PM,07:09 AM,07:12 PM,25,31,31,27,17,84,87,0.2,1011,27,9,32,12
2019-01-06 06:00:00,30,27,0.0,6.0,6,1,0,07:08 AM,07:27 PM,07:09 AM,07:12 PM,24,31,31,27,17,78,87,0.4,1011,27,10,24,12
2019-01-06 09:00:00,30,27,0.0,6.0,6,6,0,07:08 AM,07:27 PM,07:09 AM,07:12 PM,24,32,32,28,18,79,83,1.3,1012,28,9,26,13
2019-01-06 12:00:00,30,27,0.0,6.0,6,6,0,07:08 AM,07:27 PM,07:09 AM,07:12 PM,24,34,34,29,22,73,75,2.3,1012,29,9,39,14
2019-01-06 15:00:00,30,27,0.0,6.0,6,6,0,07:08 AM,07:27 PM,07:09 AM,07:12 PM,25,35,35,30,27,78,75,3.0,1010,30,7,45,17
2019-01-06 18:00:00,30,27,0.0,6.0,6,6,0,07:08 AM,07:27 PM,07:09 AM,07:12 PM,25,34,34,29,28,77,79,2.6,1010,29,7,38,18
2019-01-06 21:00:00,30,27,0.0,6.0,6,1,0,07:08 AM,07:27 PM,07:09 AM,07:12 PM,24,32,32,28,26,61,83,1.8,1011,28,8,29,16
2019-01-07 00:00:00,31,27,0.0,8.8,7,1,3,07:57 AM,08:15 PM,07:09 AM,07:12 PM,24,31,31,27,23,33,84,0.0,1012,27,10,23,15
2019-01-07 03:00:00,31,27,0.0,8.8,7,1,3,07:57 AM,08:15 PM,07:09 AM,07:12 PM,24,30,30,27,23,42,85,0.0,1011,27,10,21,15
2019-01-07 06:00:00,31,27,0.0,8.8,7,1,3,07:57 AM,08:15 PM,07:09 AM,07:12 PM,24,30,30,27,21,54,86,0.0,1011,27,10,22,14
2019-01-07 09:00:00,31,27,0.0,8.8,7,7,3,07:57 AM,08:15 PM,07:09 AM,07:12 PM,24,32,32,28,19,54,81,0.0,1012,28,10,28,14
2019-01-07 12:00:00,31,27,0.0,8.8,7,6,3,07:57 AM,08:15 PM,07:09 AM,07:12 PM,24,35,35,30,23,51,71,0.0,1011,30,10,50,19
2019-01-07 15:00:00,31,27,0.0,8.8,7,7,3,07:57 AM,08:15 PM,07:09 AM,07:12 PM,24,36,36,30,27,86,69,0.1,1010,30,10,54,22
2019-01-07 18:00:00,31,27,0.0,8.8,7,6,3,07:57 AM,08:15 PM,07:09 AM,07:12 PM,24,34,34,29,28,83,74,0.1,1009,29,10,51,21
2019-01-07 21:00:00,31,27,0.0,8.8,7,1,3,07:57 AM,08:15 PM,07:09 AM,07:12 PM,24,32,32,28,25,70,82,0.1,1011,28,10,44,17
2019-01-08 00:00:00,29,27,0.0,6.0,6,1,10,08:44 AM,09:03 PM,07:10 AM,07:13 PM,24,31,31,27,23,55,84,0.0,1011,27,10,44,15
2019-01-08 03:00:00,29,27,0.0,6.0,6,1,10,08:44 AM,09:03 PM,07:10 AM,07:13 PM,24,31,31,27,21,68,85,0.1,1011,27,10,46,14
2019-01-08 06:00:00,29,27,0.0,6.0,6,1,10,08:44 AM,09:03 PM,07:10 AM,07:13 PM,24,31,31,27,19,83,85,0.0,1011,27,10,34,13
2019-01-08 09:00:00,29,27,0.0,6.0,6,6,10,08:44 AM,09:03 PM,07:10 AM,07:13 PM,24,31,31,27,22,84,83,1.0,1011,27,9,26,15
2019-01-08 12:00:00,29,27,0.0,6.0,6,6,10,08:44 AM,09:03 PM,07:10 AM,07:13 PM,24,33,33,29,34,72,75,4.7,1011,29,6,42,19
2019-01-08 15:00:00,29,27,0.0,6.0,6,6,10,08:44 AM,09:03 PM,07:10 AM,07:13 PM,24,34,34,29,39,74,74,8.0,1010,29,4,38,19
2019-01-08 18:00:00,29,27,0.0,6.0,6,6,10,08:44 AM,09:03 PM,07:10 AM,07:13 PM,24,32,32,28,34,79,79,7.2,1010,28,7,31,17
2019-01-08 21:00:00,29,27,0.0,6.0,6,1,10,08:44 AM,09:03 PM,07:10 AM,07:13 PM,24,31,31,27,30,67,83,4.9,1010,27,8,23,16
2019-01-09 00:00:00,30,27,0.0,6.0,7,1,18,09:30 AM,09:48 PM,07:10 AM,07:13 PM,24,31,31,27,21,42,85,0.0,1011,27,10,19,14
2019-01-09 03:00:00,30,27,0.0,6.0,7,1,18,09:30 AM,09:48 PM,07:10 AM,07:13 PM,24,31,31,27,19,64,86,0.3,1011,27,10,13,13
2019-01-09 06:00:00,30,27,0.0,6.0,7,1,18,09:30 AM,09:48 PM,07:10 AM,07:13 PM,24,30,30,27,20,84,87,2.2,1010,27,9,18,12
2019-01-09 09:00:00,30,27,0.0,6.0,7,6,18,09:30 AM,09:48 PM,07:10 AM,07:13 PM,24,31,31,27,29,82,84,4.7,1011,27,7,26,16
2019-01-09 12:00:00,30,27,0.0,6.0,7,6,18,09:30 AM,09:48 PM,07:10 AM,07:13 PM,24,34,34,29,36,87,75,5.6,1011,29,6,33,19
2019-01-09 15:00:00,30,27,0.0,6.0,7,6,18,09:30 AM,09:48 PM,07:10 AM,07:13 PM,24,35,35,30,37,84,72,5.7,1010,30,5,41,21
2019-01-09 18:00:00,30,27,0.0,6.0,7,6,18,09:30 AM,09:48 PM,07:10 AM,07:13 PM,24,33,33,29,30,80,76,2.0,1009,29,10,42,21
2019-01-09 21:00:00,30,27,0.0,6.0,7,1,18,09:30 AM,09:48 PM,07:10 AM,07:13 PM,24,32,32,28,26,70,81,1.3,1010,28,10,37,17
2019-01-10 00:00:00,31,27,0.0,8.8,6,1,25,10:14 AM,10:32 PM,07:10 AM,07:14 PM,24,31,31,27,23,52,83,0.0,1011,27,10,32,16
2019-01-10 03:00:00,31,27,0.0,8.8,6,1,25,10:14 AM,10:32 PM,07:10 AM,07:14 PM,24,31,31,27,24,47,84,0.1,1010,27,10,24,17
2019-01-10 06:00:00,31,27,0.0,8.8,6,1,25,10:14 AM,10:32 PM,07:10 AM,07:14 PM,24,30,30,27,27,34,83,0.0,1010,27,10,21,18
2019-01-10 09:00:00,31,27,0.0,8.8,6,6,25,10:14 AM,10:32 PM,07:10 AM,07:14 PM,24,32,32,28,27,52,79,0.2,1011,28,10,24,19
2019-01-10 12:00:00,31,27,0.0,8.8,6,6,25,10:14 AM,10:32 PM,07:10 AM,07:14 PM,24,35,35,30,27,63,69,0.7,1011,30,10,36,22
2019-01-10 15:00:00,31,27,0.0,8.8,6,7,25,10:14 AM,10:32 PM,07:10 AM,07:14 PM,24,35,35,30,30,68,69,0.5,1009,30,10,41,23
2019-01-10 18:00:00,31,27,0.0,8.8,6,7,25,10:14 AM,10:32 PM,07:10 AM,07:14 PM,24,34,34,29,30,39,74,0.0,1008,29,9,38,22
2019-01-10 21:00:00,31,27,0.0,8.8,6,1,25,10:14 AM,10:32 PM,07:10 AM,07:14 PM,24,32,32,28,25,55,80,0.0,1010,28,10,30,17
2019-01-11 00:00:00,30,27,0.0,11.6,6,1,32,10:57 AM,11:16 PM,07:11 AM,07:14 PM,24,31,31,27,25,55,82,0.1,1011,27,10,22,17
2019-01-11 03:00:00,30,27,0.0,11.6,6,1,32,10:57 AM,11:16 PM,07:11 AM,07:14 PM,24,31,31,27,24,61,83,0.2,1010,27,10,12,16
2019-01-11 06:00:00,30,27,0.0,11.6,6,1,32,10:57 AM,11:16 PM,07:11 AM,07:14 PM,24,30,30,27,22,66,82,0.2,1010,27,10,14,15
2019-01-11 09:00:00,30,27,0.0,11.6,6,7,32,10:57 AM,11:16 PM,07:11 AM,07:14 PM,23,31,31,28,22,59,77,0.2,1011,28,9,26,16
2019-01-11 12:00:00,30,27,0.0,11.6,6,7,32,10:57 AM,11:16 PM,07:11 AM,07:14 PM,23,34,34,30,22,23,68,0.0,1011,30,10,37,19
2019-01-11 15:00:00,30,27,0.0,11.6,6,8,32,10:57 AM,11:16 PM,07:11 AM,07:14 PM,23,34,34,30,26,19,66,0.0,1010,30,10,39,21
2019-01-11 18:00:00,30,27,0.0,11.6,6,7,32,10:57 AM,11:16 PM,07:11 AM,07:14 PM,23,32,32,29,28,13,71,0.0,1009,29,10,30,20
2019-01-11 21:00:00,30,27,0.0,11.6,6,1,32,10:57 AM,11:16 PM,07:11 AM,07:14 PM,23,30,30,27,26,19,77,0.0,1010,27,10,18,18
2019-01-12 00:00:00,31,26,0.0,11.6,7,1,39,11:39 AM,11:58 PM,07:11 AM,07:14 PM,23,30,30,27,24,44,81,0.0,1011,27,10,8,17
2019-01-12 03:00:00,31,26,0.0,11.6,7,1,39,11:39 AM,11:58 PM,07:11 AM,07:14 PM,23,29,29,26,23,49,83,0.0,1011,26,10,3,16
2019-01-12 06:00:00,31,26,0.0,11.6,7,1,39,11:39 AM,11:58 PM,07:11 AM,07:14 PM,23,29,29,26,22,37,84,0.0,1010,26,10,2,15
2019-01-12 09:00:00,31,26,0.0,11.6,7,7,39,11:39 AM,11:58 PM,07:11 AM,07:14 PM,23,30,30,27,19,28,78,0.0,1011,27,10,5,14
2019-01-12 12:00:00,31,26,0.0,11.6,7,7,39,11:39 AM,11:58 PM,07:11 AM,07:14 PM,23,34,34,30,15,21,65,0.0,1011,30,10,22,13
2019-01-12 15:00:00,31,26,0.0,11.6,7,8,39,11:39 AM,11:58 PM,07:11 AM,07:14 PM,23,35,35,31,20,22,62,0.0,1010,31,10,37,16
2019-01-12 18:00:00,31,26,0.0,11.6,7,6,39,11:39 AM,11:58 PM,07:11 AM,07:14 PM,23,34,34,30,25,35,69,0.0,1009,30,10,34,19
2019-01-12 21:00:00,31,26,0.0,11.6,7,1,39,11:39 AM,11:58 PM,07:11 AM,07:14 PM,23,31,31,27,27,64,80,0.1,1010,27,10,25,19
2019-01-13 00:00:00,31,26,0.0,6.0,7,1,47,12:21 PM,No moonset,07:12 AM,07:15 PM,24,30,30,27,23,42,83,0.0,1011,27,10,14,16
2019-01-13 03:00:00,31,26,0.0,6.0,7,1,47,12:21 PM,No moonset,07:12 AM,07:15 PM,23,29,29,26,20,45,84,0.0,1011,26,10,6,14
2019-01-13 06:00:00,31,26,0.0,6.0,7,1,47,12:21 PM,No moonset,07:12 AM,07:15 PM,23,29,29,26,19,52,85,0.0,1010,26,10,123,13
2019-01-13 09:00:00,31,26,0.0,6.0,7,6,47,12:21 PM,No moonset,07:12 AM,07:15 PM,23,31,31,27,18,68,79,0.1,1011,27,10,246,13
2019-01-13 12:00:00,31,26,0.0,6.0,7,7,47,12:21 PM,No moonset,07:12 AM,07:15 PM,23,34,34,30,20,81,67,1.5,1011,30,8,23,15
2019-01-13 15:00:00,31,26,0.0,6.0,7,7,47,12:21 PM,No moonset,07:12 AM,07:15 PM,23,35,35,31,25,77,65,3.0,1009,31,8,32,15
2019-01-13 18:00:00,31,26,0.0,6.0,7,6,47,12:21 PM,No moonset,07:12 AM,07:15 PM,24,34,34,30,25,83,69,1.7,1008,30,9,33,17
2019-01-13 21:00:00,31,26,0.0,6.0,7,1,47,12:21 PM,No moonset,07:12 AM,07:15 PM,24,32,32,28,25,71,79,1.2,1009,28,9,25,17
2019-01-14 00:00:00,29,26,0.0,8.8,6,1,54,01:04 PM,12:41 AM,07:12 AM,07:15 PM,24,31,31,27,22,56,82,0.6,1010,27,10,17,15
2019-01-14 03:00:00,29,26,0.0,8.8,6,1,54,01:04 PM,12:41 AM,07:12 AM,07:15 PM,24,30,30,27,26,83,84,2.8,1009,27,8,16,16
2019-01-14 06:00:00,29,26,0.0,8.8,6,1,54,01:04 PM,12:41 AM,07:12 AM,07:15 PM,24,30,30,27,34,82,85,6.0,1009,27,6,15,18
2019-01-14 09:00:00,29,26,0.0,8.8,6,6,54,01:04 PM,12:41 AM,07:12 AM,07:15 PM,24,31,31,27,28,72,81,5.6,1009,27,5,7,16
2019-01-14 12:00:00,29,26,0.0,8.8,6,6,54,01:04 PM,12:41 AM,07:12 AM,07:15 PM,23,34,34,29,19,52,71,1.8,1010,29,9,8,14
2019-01-14 15:00:00,29,26,0.0,8.8,6,6,54,01:04 PM,12:41 AM,07:12 AM,07:15 PM,24,33,33,29,27,59,73,4.5,1009,29,7,14,15
2019-01-14 18:00:00,29,26,0.0,8.8,6,6,54,01:04 PM,12:41 AM,07:12 AM,07:15 PM,24,32,32,28,28,73,77,3.9,1008,28,7,17,16
2019-01-14 21:00:00,29,26,0.0,8.8,6,1,54,01:04 PM,12:41 AM,07:12 AM,07:15 PM,24,31,31,27,24,60,82,2.8,1009,27,8,17,14
2019-01-15 00:00:00,31,26,0.0,11.6,7,1,61,01:49 PM,01:26 AM,07:12 AM,07:16 PM,24,30,30,27,21,43,84,0.0,1010,27,10,10,14
2019-01-15 03:00:00,31,26,0.0,11.6,7,1,61,01:49 PM,01:26 AM,07:12 AM,07:16 PM,24,30,30,27,21,50,85,0.0,1009,27,10,123,14
2019-01-15 06:00:00,31,26,0.0,11.6,7,1,61,01:49 PM,01:26 AM,07:12 AM,07:16 PM,24,30,30,26,21,46,86,0.0,1009,26,10,356,14
2019-01-15 09:00:00,31,26,0.0,11.6,7,7,61,01:49 PM,01:26 AM,07:12 AM,07:16 PM,24,31,31,27,20,39,81,0.0,1010,27,10,234,14
2019-01-15 12:00:00,31,26,0.0,11.6,7,7,61,01:49 PM,01:26 AM,07:12 AM,07:16 PM,23,33,33,30,17,39,68,0.0,1010,30,10,5,14
2019-01-15 15:00:00,31,26,0.0,11.6,7,8,61,01:49 PM,01:26 AM,07:12 AM,07:16 PM,23,35,35,31,17,36,61,0.0,1008,31,10,11,13
2019-01-15 18:00:00,31,26,0.0,11.6,7,8,61,01:49 PM,01:26 AM,07:12 AM,07:16 PM,23,34,34,30,19,14,65,0.0,1008,30,10,12,14
2019-01-15 21:00:00,31,26,0.0,11.6,7,1,61,01:49 PM,01:26 AM,07:12 AM,07:16 PM,23,32,32,28,20,10,73,0.0,1009,28,10,124,14
2019-01-16 00:00:00,31,26,0.0,10.2,7,1,69,02:36 PM,02:13 AM,07:13 AM,07:16 PM,23,30,30,27,21,18,76,0.0,1010,27,10,351,14
2019-01-16 03:00:00,31,26,0.0,10.2,7,1,69,02:36 PM,02:13 AM,07:13 AM,07:16 PM,23,30,30,27,23,30,79,0.0,1009,27,10,349,15
2019-01-16 06:00:00,31,26,0.0,10.2,7,1,69,02:36 PM,02:13 AM,07:13 AM,07:16 PM,23,29,29,26,22,42,80,0.0,1009,26,10,341,15
2019-01-16 09:00:00,31,26,0.0,10.2,7,7,69,02:36 PM,02:13 AM,07:13 AM,07:16 PM,23,30,30,27,22,34,77,0.0,1010,27,10,338,16
2019-01-16 12:00:00,31,26,0.0,10.2,7,6,69,02:36 PM,02:13 AM,07:13 AM,07:16 PM,23,34,34,30,19,37,69,0.4,1010,30,10,234,15
2019-01-16 15:00:00,31,26,0.0,10.2,7,7,69,02:36 PM,02:13 AM,07:13 AM,07:16 PM,24,35,35,30,22,52,68,2.0,1008,30,9,5,15
2019-01-16 18:00:00,31,26,0.0,10.2,7,6,69,02:36 PM,02:13 AM,07:13 AM,07:16 PM,24,33,33,29,33,65,75,5.4,1007,29,6,2,18
2019-01-16 21:00:00,31,26,0.0,10.2,7,1,69,02:36 PM,02:13 AM,07:13 AM,07:16 PM,24,31,31,27,40,86,81,8.5,1009,27,3,1,19
2019-01-17 00:00:00,28,26,0.0,6.0,6,1,76,03:28 PM,03:03 AM,07:13 AM,07:16 PM,23,30,30,27,41,92,81,10.6,1010,27,3,118,19
2019-01-17 03:00:00,28,26,0.0,6.0,6,1,76,03:28 PM,03:03 AM,07:13 AM,07:16 PM,23,29,29,26,34,100,82,12.0,1009,26,4,348,17
2019-01-17 06:00:00,28,26,0.0,6.0,6,1,76,03:28 PM,03:03 AM,07:13 AM,07:16 PM,23,29,29,26,24,93,83,4.3,1008,26,7,338,15
2019-01-17 09:00:00,28,26,0.0,6.0,6,6,76,03:28 PM,03:03 AM,07:13 AM,07:16 PM,23,30,30,27,27,74,81,4.3,1009,27,7,343,15
2019-01-17 12:00:00,28,26,0.0,6.0,6,6,76,03:28 PM,03:03 AM,07:13 AM,07:16 PM,24,32,32,28,33,68,77,6.3,1009,28,6,234,18
2019-01-17 15:00:00,28,26,0.0,6.0,6,6,76,03:28 PM,03:03 AM,07:13 AM,07:16 PM,24,32,32,28,38,77,77,9.4,1008,28,4,6,18
2019-01-17 18:00:00,28,26,0.0,6.0,6,6,76,03:28 PM,03:03 AM,07:13 AM,07:16 PM,24,31,31,27,38,67,81,6.4,1008,27,6,10,19
2019-01-17 21:00:00,28,26,0.0,6.0,6,1,76,03:28 PM,03:03 AM,07:13 AM,07:16 PM,24,30,30,27,34,67,85,5.6,1009,27,5,13,18
2019-01-18 00:00:00,29,26,0.0,6.0,6,1,83,04:24 PM,03:58 AM,07:13 AM,07:17 PM,24,30,30,26,26,85,86,0.2,1010,26,10,15,18
2019-01-18 03:00:00,29,26,0.0,6.0,6,1,83,04:24 PM,03:58 AM,07:13 AM,07:17 PM,24,29,29,26,27,80,87,0.6,1009,26,10,13,18
2019-01-18 06:00:00,29,26,0.0,6.0,6,1,83,04:24 PM,03:58 AM,07:13 AM,07:17 PM,24,29,29,26,35,83,88,5.5,1008,26,8,11,21
2019-01-18 09:00:00,29,26,0.0,6.0,6,6,83,04:24 PM,03:58 AM,07:13 AM,07:17 PM,24,29,29,26,42,91,86,9.6,1010,26,5,11,23
2019-01-18 12:00:00,29,26,0.0,6.0,6,6,83,04:24 PM,03:58 AM,07:13 AM,07:17 PM,24,32,32,28,30,73,78,0.4,1010,28,10,14,23
2019-01-18 15:00:00,29,26,0.0,6.0,6,6,83,04:24 PM,03:58 AM,07:13 AM,07:17 PM,23,33,33,29,32,66,72,0.4,1008,29,10,19,25
2019-01-18 18:00:00,29,26,0.0,6.0,6,6,83,04:24 PM,03:58 AM,07:13 AM,07:17 PM,23,32,32,28,34,82,73,0.1,1008,28,10,18,24
2019-01-18 21:00:00,29,26,0.0,6.0,6,1,83,04:24 PM,03:58 AM,07:13 AM,07:17 PM,23,31,31,27,32,71,76,0.1,1009,27,10,14,21
2019-01-19 00:00:00,30,27,0.0,8.8,7,1,90,05:24 PM,04:56 AM,07:14 AM,07:17 PM,23,30,30,27,29,43,78,0.0,1010,27,10,12,19
2019-01-19 03:00:00,30,27,0.0,8.8,7,1,90,05:24 PM,04:56 AM,07:14 AM,07:17 PM,23,30,30,27,27,53,80,0.0,1009,27,10,123,18
2019-01-19 06:00:00,30,27,0.0,8.8,7,1,90,05:24 PM,04:56 AM,07:14 AM,07:17 PM,23,30,30,27,26,58,81,0.0,1008,27,10,355,17
2019-01-19 09:00:00,30,27,0.0,8.8,7,7,90,05:24 PM,04:56 AM,07:14 AM,07:17 PM,23,31,31,27,25,62,78,0.0,1009,27,10,240,18
2019-01-19 12:00:00,30,27,0.0,8.8,7,6,90,05:24 PM,04:56 AM,07:14 AM,07:17 PM,23,34,34,29,23,62,70,0.0,1009,29,10,11,18
2019-01-19 15:00:00,30,27,0.0,8.8,7,8,90,05:24 PM,04:56 AM,07:14 AM,07:17 PM,23,35,35,30,27,58,68,0.1,1008,30,10,18,20
2019-01-19 18:00:00,30,27,0.0,8.8,7,7,90,05:24 PM,04:56 AM,07:14 AM,07:17 PM,23,33,33,29,30,29,71,0.0,1007,29,10,16,22
2019-01-19 21:00:00,30,27,0.0,8.8,7,1,90,05:24 PM,04:56 AM,07:14 AM,07:17 PM,23,31,31,27,30,35,78,0.0,1009,27,10,9,20
2019-01-20 00:00:00,31,27,0.0,10.2,7,1,98,06:27 PM,05:58 AM,07:14 AM,07:17 PM,24,30,30,27,28,37,82,0.0,1010,27,10,7,19
2019-01-20 03:00:00,31,27,0.0,10.2,7,1,98,06:27 PM,05:58 AM,07:14 AM,07:17 PM,24,30,30,27,28,46,83,0.0,1009,27,10,124,19
2019-01-20 06:00:00,31,27,0.0,10.2,7,1,98,06:27 PM,05:58 AM,07:14 AM,07:17 PM,24,30,30,27,27,52,83,0.0,1009,27,10,356,18
2019-01-20 09:00:00,31,27,0.0,10.2,7,7,98,06:27 PM,05:58 AM,07:14 AM,07:17 PM,24,31,31,28,24,56,79,0.0,1010,28,10,236,18
2019-01-20 12:00:00,31,27,0.0,10.2,7,8,98,06:27 PM,05:58 AM,07:14 AM,07:17 PM,24,35,35,30,25,44,69,0.0,1011,30,10,13,21
2019-01-20 15:00:00,31,27,0.0,10.2,7,7,98,06:27 PM,05:58 AM,07:14 AM,07:17 PM,24,35,35,30,29,48,69,0.6,1009,30,10,20,22
2019-01-20 18:00:00,31,27,0.0,10.2,7,6,98,06:27 PM,05:58 AM,07:14 AM,07:17 PM,24,33,33,29,33,68,75,1.9,1008,29,10,18,22
2019-01-20 21:00:00,31,27,0.0,10.2,7,1,98,06:27 PM,05:58 AM,07:14 AM,07:17 PM,24,31,31,28,30,66,79,1.3,1009,28,9,17,20
2019-01-21 00:00:00,31,27,0.0,10.2,7,1,100,07:31 PM,07:02 AM,07:14 AM,07:18 PM,24,31,31,28,27,45,80,0.0,1010,28,10,14,19
2019-01-21 03:00:00,31,27,0.0,10.2,7,1,100,07:31 PM,07:02 AM,07:14 AM,07:18 PM,24,31,31,27,26,44,81,0.0,1009,27,10,125,18
2019-01-21 06:00:00,31,27,0.0,10.2,7,1,100,07:31 PM,07:02 AM,07:14 AM,07:18 PM,24,30,30,27,26,45,83,0.0,1009,27,10,350,18
2019-01-21 09:00:00,31,27,0.0,10.2,7,6,100,07:31 PM,07:02 AM,07:14 AM,07:18 PM,24,31,31,27,30,51,80,1.4,1011,27,9,349,19
2019-01-21 12:00:00,31,27,0.0,10.2,7,6,100,07:31 PM,07:02 AM,07:14 AM,07:18 PM,23,34,34,30,37,77,69,4.6,1011,30,7,241,21
2019-01-21 15:00:00,31,27,0.0,10.2,7,8,100,07:31 PM,07:02 AM,07:14 AM,07:18 PM,23,36,36,31,37,59,62,3.7,1010,31,8,13,22
2019-01-21 18:00:00,31,27,0.0,10.2,7,7,100,07:31 PM,07:02 AM,07:14 AM,07:18 PM,23,33,33,30,34,12,66,0.0,1009,30,10,17,24
2019-01-21 21:00:00,31,27,0.0,10.2,7,1,100,07:31 PM,07:02 AM,07:14 AM,07:18 PM,23,30,30,27,33,15,76,0.0,1011,27,10,12,23
2019-01-22 00:00:00,30,27,0.0,6.0,6,1,88,08:32 PM,08:04 AM,07:14 AM,07:18 PM,23,30,30,27,29,37,80,0.5,1012,27,10,6,19
2019-01-22 03:00:00,30,27,0.0,6.0,6,1,88,08:32 PM,08:04 AM,07:14 AM,07:18 PM,23,29,29,26,27,76,80,1.1,1012,26,9,3,18
2019-01-22 06:00:00,30,27,0.0,6.0,6,1,88,08:32 PM,08:04 AM,07:14 AM,07:18 PM,23,29,29,26,24,77,80,0.4,1011,26,9,2,16
2019-01-22 09:00:00,30,27,0.0,6.0,6,6,88,08:32 PM,08:04 AM,07:14 AM,07:18 PM,23,30,30,27,20,63,77,0.9,1012,27,10,119,14
2019-01-22 12:00:00,30,27,0.0,6.0,6,6,88,08:32 PM,08:04 AM,07:14 AM,07:18 PM,23,33,33,29,21,74,70,2.0,1012,29,9,243,14
2019-01-22 15:00:00,30,27,0.0,6.0,6,6,88,08:32 PM,08:04 AM,07:14 AM,07:18 PM,23,34,34,30,27,81,69,2.5,1011,30,8,20,18
2019-01-22 18:00:00,30,27,0.0,6.0,6,6,88,08:32 PM,08:04 AM,07:14 AM,07:18 PM,23,32,32,28,31,96,76,2.8,1010,28,7,18,19
2019-01-22 21:00:00,30,27,0.0,6.0,6,1,88,08:32 PM,08:04 AM,07:14 AM,07:18 PM,23,31,31,27,31,78,79,1.9,1011,27,8,19,19
2019-01-23 00:00:00,30,27,0.0,8.8,7,1,81,09:31 PM,09:04 AM,07:15 AM,07:18 PM,23,30,30,27,27,51,80,0.0,1012,27,10,14,18
2019-01-23 03:00:00,30,27,0.0,8.8,7,1,81,09:31 PM,09:04 AM,07:15 AM,07:18 PM,23,30,30,27,26,45,81,0.0,1012,27,10,7,17
2019-01-23 06:00:00,30,27,0.0,8.8,7,1,81,09:31 PM,09:04 AM,07:15 AM,07:18 PM,23,30,30,27,25,53,82,0.0,1011,27,10,6,17
2019-01-23 09:00:00,30,27,0.0,8.8,7,7,81,09:31 PM,09:04 AM,07:15 AM,07:18 PM,23,31,31,28,24,49,77,0.0,1011,28,10,10,18
2019-01-23 12:00:00,30,27,0.0,8.8,7,6,81,09:31 PM,09:04 AM,07:15 AM,07:18 PM,23,34,34,30,24,49,68,0.2,1012,30,10,19,19
2019-01-23 15:00:00,30,27,0.0,8.8,7,6,81,09:31 PM,09:04 AM,07:15 AM,07:18 PM,24,34,34,30,34,78,71,1.9,1010,30,8,24,23
2019-01-23 18:00:00,30,27,0.0,8.8,7,6,81,09:31 PM,09:04 AM,07:15 AM,07:18 PM,24,32,32,28,43,82,77,5.3,1010,28,7,25,23
2019-01-23 21:00:00,30,27,0.0,8.8,7,1,81,09:31 PM,09:04 AM,07:15 AM,07:18 PM,23,30,30,27,42,71,81,5.0,1011,27,8,26,22
2019-01-24 00:00:00,30,27,0.0,10.2,6,1,73,10:26 PM,10:00 AM,07:15 AM,07:19 PM,23,30,30,27,36,76,80,0.2,1012,27,9,25,24
2019-01-24 03:00:00,30,27,0.0,10.2,6,1,73,10:26 PM,10:00 AM,07:15 AM,07:19 PM,23,30,30,27,32,82,80,0.1,1011,27,9,25,22
2019-01-24 06:00:00,30,27,0.0,10.2,6,1,73,10:26 PM,10:00 AM,07:15 AM,07:19 PM,23,29,29,27,29,70,80,0.0,1011,27,10,24,19
2019-01-24 09:00:00,30,27,0.0,10.2,6,6,73,10:26 PM,10:00 AM,07:15 AM,07:19 PM,23,31,31,27,28,62,76,0.0,1012,27,10,26,20
2019-01-24 12:00:00,30,27,0.0,10.2,6,7,73,10:26 PM,10:00 AM,07:15 AM,07:19 PM,23,33,33,30,27,51,67,0.0,1012,30,10,33,23
2019-01-24 15:00:00,30,27,0.0,10.2,6,7,73,10:26 PM,10:00 AM,07:15 AM,07:19 PM,23,34,34,30,29,32,66,0.0,1011,30,10,36,24
2019-01-24 18:00:00,30,27,0.0,10.2,6,7,73,10:26 PM,10:00 AM,07:15 AM,07:19 PM,23,32,32,29,32,45,70,0.1,1010,29,10,31,24
2019-01-24 21:00:00,30,27,0.0,10.2,6,1,73,10:26 PM,10:00 AM,07:15 AM,07:19 PM,23,30,30,27,31,34,76,0.0,1011,27,10,25,22
2019-01-25 00:00:00,30,26,0.0,7.4,7,1,66,11:19 PM,10:53 AM,07:15 AM,07:19 PM,23,30,30,27,28,36,77,0.0,1012,27,10,20,19
2019-01-25 03:00:00,30,26,0.0,7.4,7,1,66,11:19 PM,10:53 AM,07:15 AM,07:19 PM,22,29,29,27,26,41,78,0.0,1012,27,10,17,18
2019-01-25 06:00:00,30,26,0.0,7.4,7,1,66,11:19 PM,10:53 AM,07:15 AM,07:19 PM,22,29,29,26,27,37,79,0.0,1011,26,10,14,19
2019-01-25 09:00:00,30,26,0.0,7.4,7,7,66,11:19 PM,10:53 AM,07:15 AM,07:19 PM,22,30,30,27,26,49,75,0.0,1013,27,10,13,19
2019-01-25 12:00:00,30,26,0.0,7.4,7,6,66,11:19 PM,10:53 AM,07:15 AM,07:19 PM,22,33,33,29,26,68,67,0.1,1013,29,10,21,21
2019-01-25 15:00:00,30,26,0.0,7.4,7,6,66,11:19 PM,10:53 AM,07:15 AM,07:19 PM,23,33,33,30,28,86,66,0.3,1011,30,10,27,23
2019-01-25 18:00:00,30,26,0.0,7.4,7,6,66,11:19 PM,10:53 AM,07:15 AM,07:19 PM,22,32,32,29,30,83,69,0.3,1010,29,10,24,23
2019-01-25 21:00:00,30,26,0.0,7.4,7,1,66,11:19 PM,10:53 AM,07:15 AM,07:19 PM,22,30,30,27,30,63,73,0.2,1012,27,9,20,21
2019-01-26 00:00:00,31,26,0.0,11.6,7,1,59,No moonrise,11:43 AM,07:15 AM,07:19 PM,22,29,29,27,29,21,76,0.0,1013,27,10,19,20
2019-01-26 03:00:00,31,26,0.0,11.6,7,1,59,No moonrise,11:43 AM,07:15 AM,07:19 PM,23,29,29,26,30,37,79,0.0,1013,26,10,21,21
2019-01-26 06:00:00,31,26,0.0,11.6,7,1,59,No moonrise,11:43 AM,07:15 AM,07:19 PM,23,29,29,26,29,45,80,0.0,1012,26,10,19,20
2019-01-26 09:00:00,31,26,0.0,11.6,7,7,59,No moonrise,11:43 AM,07:15 AM,07:19 PM,23,30,30,27,26,41,77,0.0,1012,27,10,21,19
2019-01-26 12:00:00,31,26,0.0,11.6,7,7,59,No moonrise,11:43 AM,07:15 AM,07:19 PM,23,33,33,29,23,32,67,0.0,1012,29,10,22,19
2019-01-26 15:00:00,31,26,0.0,11.6,7,8,59,No moonrise,11:43 AM,07:15 AM,07:19 PM,23,34,34,30,26,29,64,0.0,1011,30,10,31,21
2019-01-26 18:00:00,31,26,0.0,11.6,7,7,59,No moonrise,11:43 AM,07:15 AM,07:19 PM,23,33,33,29,31,33,69,0.0,1010,29,10,32,24
2019-01-26 21:00:00,31,26,0.0,11.6,7,1,59,No moonrise,11:43 AM,07:15 AM,07:19 PM,23,30,30,27,34,33,77,0.0,1011,27,10,25,24
2019-01-27 00:00:00,31,27,0.0,8.8,7,1,51,12:09 AM,12:31 PM,07:16 AM,07:19 PM,23,30,30,27,33,40,79,0.0,1013,27,10,23,23
2019-01-27 03:00:00,31,27,0.0,8.8,7,1,51,12:09 AM,12:31 PM,07:16 AM,07:19 PM,23,29,29,27,32,41,80,0.0,1012,27,10,18,22
2019-01-27 06:00:00,31,27,0.0,8.8,7,1,51,12:09 AM,12:31 PM,07:16 AM,07:19 PM,23,30,30,27,32,40,81,0.0,1011,27,10,16,22
2019-01-27 09:00:00,31,27,0.0,8.8,7,7,51,12:09 AM,12:31 PM,07:16 AM,07:19 PM,23,31,31,28,29,37,77,0.0,1012,28,10,15,22
2019-01-27 12:00:00,31,27,0.0,8.8,7,6,51,12:09 AM,12:31 PM,07:16 AM,07:19 PM,23,34,34,30,26,40,67,0.2,1012,30,10,18,22
2019-01-27 15:00:00,31,27,0.0,8.8,7,7,51,12:09 AM,12:31 PM,07:16 AM,07:19 PM,23,35,35,30,31,71,66,1.5,1011,30,8,23,22
2019-01-27 18:00:00,31,27,0.0,8.8,7,6,51,12:09 AM,12:31 PM,07:16 AM,07:19 PM,24,33,33,29,37,75,74,3.4,1010,29,7,21,22
2019-01-27 21:00:00,31,27,0.0,8.8,7,1,51,12:09 AM,12:31 PM,07:16 AM,07:19 PM,23,30,30,27,36,76,81,2.5,1011,27,8,16,22
2019-01-28 00:00:00,29,26,0.0,6.0,6,1,44,12:58 AM,01:20 PM,07:16 AM,07:19 PM,23,30,30,27,29,72,82,0.0,1012,27,10,14,20
2019-01-28 03:00:00,29,26,0.0,6.0,6,1,44,12:58 AM,01:20 PM,07:16 AM,07:19 PM,23,30,30,26,31,85,83,0.0,1011,26,10,17,21
2019-01-28 06:00:00,29,26,0.0,6.0,6,1,44,12:58 AM,01:20 PM,07:16 AM,07:19 PM,23,29,29,26,28,92,83,0.0,1010,26,10,11,19
2019-01-28 09:00:00,29,26,0.0,6.0,6,6,44,12:58 AM,01:20 PM,07:16 AM,07:19 PM,23,30,30,27,24,86,80,0.0,1012,27,10,11,18
2019-01-28 12:00:00,29,26,0.0,6.0,6,6,44,12:58 AM,01:20 PM,07:16 AM,07:19 PM,24,33,33,29,25,75,74,0.7,1012,29,10,19,19
2019-01-28 15:00:00,29,26,0.0,6.0,6,6,44,12:58 AM,01:20 PM,07:16 AM,07:19 PM,24,33,33,28,31,70,76,2.5,1011,28,9,20,20
2019-01-28 18:00:00,29,26,0.0,6.0,6,6,44,12:58 AM,01:20 PM,07:16 AM,07:19 PM,24,31,31,28,32,76,80,3.9,1010,28,7,18,19
2019-01-28 21:00:00,29,26,0.0,6.0,6,1,44,12:58 AM,01:20 PM,07:16 AM,07:19 PM,24,30,30,27,29,70,83,3.0,1011,27,8,16,17
2019-01-29 00:00:00,30,26,0.0,7.4,6,1,37,01:47 AM,02:07 PM,07:16 AM,07:20 PM,24,30,30,27,27,79,84,0.1,1012,27,10,18,18
2019-01-29 03:00:00,30,26,0.0,7.4,6,1,37,01:47 AM,02:07 PM,07:16 AM,07:20 PM,24,30,30,27,27,85,84,0.0,1011,27,10,19,19
2019-01-29 06:00:00,30,26,0.0,7.4,6,1,37,01:47 AM,02:07 PM,07:16 AM,07:20 PM,24,30,30,26,26,86,85,0.0,1010,26,10,13,18
2019-01-29 09:00:00,30,26,0.0,7.4,6,7,37,01:47 AM,02:07 PM,07:16 AM,07:20 PM,24,31,31,27,25,68,80,0.0,1011,27,10,15,19
2019-01-29 12:00:00,30,26,0.0,7.4,6,6,37,01:47 AM,02:07 PM,07:16 AM,07:20 PM,23,34,34,29,26,61,70,0.2,1011,29,10,30,22
2019-01-29 15:00:00,30,26,0.0,7.4,6,6,37,01:47 AM,02:07 PM,07:16 AM,07:20 PM,24,34,34,30,31,64,69,1.5,1010,30,8,35,22
2019-01-29 18:00:00,30,26,0.0,7.4,6,6,37,01:47 AM,02:07 PM,07:16 AM,07:20 PM,24,33,33,29,36,52,75,4.1,1010,29,7,33,21
2019-01-29 21:00:00,30,26,0.0,7.4,6,1,37,01:47 AM,02:07 PM,07:16 AM,07:20 PM,24,31,31,27,34,55,81,3.9,1011,27,8,25,19
2019-01-30 00:00:00,30,26,0.0,10.2,7,1,30,02:35 AM,02:55 PM,07:16 AM,07:20 PM,24,30,30,27,28,59,82,0.1,1012,27,10,21,19
2019-01-30 03:00:00,30,26,0.0,10.2,7,1,30,02:35 AM,02:55 PM,07:16 AM,07:20 PM,23,30,30,27,28,52,82,0.0,1012,27,10,19,19
2019-01-30 06:00:00,30,26,0.0,10.2,7,1,30,02:35 AM,02:55 PM,07:16 AM,07:20 PM,23,30,30,26,27,50,83,0.0,1011,26,10,13,19
2019-01-30 09:00:00,30,26,0.0,10.2,7,7,30,02:35 AM,02:55 PM,07:16 AM,07:20 PM,23,31,31,27,25,47,79,0.0,1012,27,10,15,18
2019-01-30 12:00:00,30,26,0.0,10.2,7,6,30,02:35 AM,02:55 PM,07:16 AM,07:20 PM,23,33,33,29,24,53,69,0.0,1012,29,10,27,19
2019-01-30 15:00:00,30,26,0.0,10.2,7,8,30,02:35 AM,02:55 PM,07:16 AM,07:20 PM,23,34,34,30,28,65,66,0.1,1010,30,10,31,22
2019-01-30 18:00:00,30,26,0.0,10.2,7,7,30,02:35 AM,02:55 PM,07:16 AM,07:20 PM,23,33,33,29,28,28,71,0.0,1009,29,10,29,21
2019-01-30 21:00:00,30,26,0.0,10.2,7,1,30,02:35 AM,02:55 PM,07:16 AM,07:20 PM,23,30,30,27,27,36,78,0.0,1011,27,10,23,19
2019-01-31 00:00:00,30,26,0.0,11.6,7,1,26,03:25 AM,03:45 PM,07:16 AM,07:20 PM,23,30,30,27,25,39,81,0.0,1012,27,10,22,17
2019-01-31 03:00:00,30,26,0.0,11.6,7,1,26,03:25 AM,03:45 PM,07:16 AM,07:20 PM,23,29,29,26,22,55,82,0.0,1012,26,10,19,15
2019-01-31 06:00:00,30,26,0.0,11.6,7,1,26,03:25 AM,03:45 PM,07:16 AM,07:20 PM,23,29,29,26,20,67,83,0.1,1012,26,10,12,14
2019-01-31 09:00:00,30,26,0.0,11.6,7,7,26,03:25 AM,03:45 PM,07:16 AM,07:20 PM,23,30,30,27,19,52,78,0.0,1013,27,10,23,14
2019-01-31 12:00:00,30,26,0.0,11.6,7,7,26,03:25 AM,03:45 PM,07:16 AM,07:20 PM,23,33,33,29,19,48,68,0.0,1013,29,10,47,16
2019-01-31 15:00:00,30,26,0.0,11.6,7,7,26,03:25 AM,03:45 PM,07:16 AM,07:20 PM,23,35,35,30,22,45,66,0.1,1011,30,10,53,18
2019-01-31 18:00:00,30,26,0.0,11.6,7,7,26,03:25 AM,03:45 PM,07:16 AM,07:20 PM,23,33,33,29,25,56,71,0.1,1010,29,9,47,19
2019-01-31 21:00:00,30,26,0.0,11.6,7,1,26,03:25 AM,03:45 PM,07:16 AM,07:20 PM,24,31,31,27,25,33,80,0.0,1011,27,10,34,18
2019-02-01 00:00:00,30,26,0.0,7.4,7,1,8,04:14 AM,04:33 PM,07:16 AM,07:20 PM,24,30,30,27,21,32,84,0.0,1012,27,10,28,14
2019-02-01 03:00:00,30,26,0.0,7.4,7,1,8,04:14 AM,04:33 PM,07:16 AM,07:20 PM,23,29,29,26,19,48,85,0.0,1012,26,10,22,13
2019-02-01 06:00:00,30,26,0.0,7.4,7,1,8,04:14 AM,04:33 PM,07:16 AM,07:20 PM,23,29,29,26,19,49,85,0.0,1011,26,10,18,13
2019-02-01 09:00:00,30,26,0.0,7.4,7,6,8,04:14 AM,04:33 PM,07:16 AM,07:20 PM,23,30,30,27,22,52,80,1.1,1012,27,9,18,14
2019-02-01 12:00:00,30,26,0.0,7.4,7,6,8,04:14 AM,04:33 PM,07:16 AM,07:20 PM,23,34,34,30,27,79,69,4.3,1013,30,7,28,15
2019-02-01 15:00:00,30,26,0.0,7.4,7,7,8,04:14 AM,04:33 PM,07:16 AM,07:20 PM,23,35,35,30,29,81,67,5.9,1011,30,7,37,15
2019-02-01 18:00:00,30,26,0.0,7.4,7,6,8,04:14 AM,04:33 PM,07:16 AM,07:20 PM,23,33,33,29,33,72,72,5.3,1009,29,7,38,18
2019-02-01 21:00:00,30,26,0.0,7.4,7,1,8,04:14 AM,04:33 PM,07:16 AM,07:20 PM,23,30,30,27,31,63,80,3.7,1011,27,8,35,17
2019-02-02 00:00:00,31,26,0.0,8.8,7,1,1,05:04 AM,05:23 PM,07:16 AM,07:20 PM,23,30,30,26,21,41,84,0.0,1012,26,10,29,14
2019-02-02 03:00:00,31,26,0.0,8.8,7,1,1,05:04 AM,05:23 PM,07:16 AM,07:20 PM,24,29,29,26,19,54,86,0.0,1011,26,10,25,13
2019-02-02 06:00:00,31,26,0.0,8.8,7,1,1,05:04 AM,05:23 PM,07:16 AM,07:20 PM,24,29,29,26,18,64,88,0.0,1011,26,10,19,13
2019-02-02 09:00:00,31,26,0.0,8.8,7,7,1,05:04 AM,05:23 PM,07:16 AM,07:20 PM,24,30,30,27,15,61,82,0.0,1012,27,10,21,12
2019-02-02 12:00:00,31,26,0.0,8.8,7,6,1,05:04 AM,05:23 PM,07:16 AM,07:20 PM,23,34,34,30,14,57,69,0.4,1012,30,10,43,11
2019-02-02 15:00:00,31,26,0.0,8.8,7,7,1,05:04 AM,05:23 PM,07:16 AM,07:20 PM,24,36,36,31,18,68,66,1.8,1010,31,9,48,12
2019-02-02 18:00:00,31,26,0.0,8.8,7,6,1,05:04 AM,05:23 PM,07:16 AM,07:20 PM,24,34,34,30,26,57,72,3.5,1009,30,7,41,15
2019-02-02 21:00:00,31,26,0.0,8.8,7,1,1,05:04 AM,05:23 PM,07:16 AM,07:20 PM,24,31,31,28,27,53,81,2.8,1010,28,8,39,16
2019-02-03 00:00:00,31,26,0.0,8.8,7,1,0,05:53 AM,06:12 PM,07:17 AM,07:21 PM,24,31,31,27,20,27,85,0.0,1012,27,10,32,14
2019-02-03 03:00:00,31,26,0.0,8.8,7,1,0,05:53 AM,06:12 PM,07:17 AM,07:21 PM,24,30,30,26,18,47,86,0.0,1011,26,10,26,12
2019-02-03 06:00:00,31,26,0.0,8.8,7,1,0,05:53 AM,06:12 PM,07:17 AM,07:21 PM,24,29,29,26,16,54,88,0.0,1011,26,10,9,11
2019-02-03 09:00:00,31,26,0.0,8.8,7,7,0,05:53 AM,06:12 PM,07:17 AM,07:21 PM,24,31,31,27,16,41,83,0.0,1012,27,10,15,12
2019-02-03 12:00:00,31,26,0.0,8.8,7,6,0,05:53 AM,06:12 PM,07:17 AM,07:21 PM,24,35,35,30,19,47,70,0.3,1012,30,10,42,15
2019-02-03 15:00:00,31,26,0.0,8.8,7,7,0,05:53 AM,06:12 PM,07:17 AM,07:21 PM,24,36,36,30,26,77,69,1.4,1011,30,10,47,19
2019-02-03 18:00:00,31,26,0.0,8.8,7,6,0,05:53 AM,06:12 PM,07:17 AM,07:21 PM,24,34,34,29,29,80,73,2.5,1010,29,9,43,18
2019-02-03 21:00:00,31,26,0.0,8.8,7,1,0,05:53 AM,06:12 PM,07:17 AM,07:21 PM,24,31,31,28,25,75,80,1.8,1011,28,8,35,16
2019-02-04 00:00:00,31,26,0.0,8.8,7,1,0,06:41 AM,06:59 PM,07:17 AM,07:21 PM,24,30,30,27,21,50,85,0.0,1013,27,10,23,14
2019-02-04 03:00:00,31,26,0.0,8.8,7,1,0,06:41 AM,06:59 PM,07:17 AM,07:21 PM,24,30,30,26,21,46,87,0.0,1012,26,10,13,14
2019-02-04 06:00:00,31,26,0.0,8.8,7,1,0,06:41 AM,06:59 PM,07:17 AM,07:21 PM,24,29,29,26,21,37,88,0.0,1011,26,10,7,14
2019-02-04 09:00:00,31,26,0.0,8.8,7,7,0,06:41 AM,06:59 PM,07:17 AM,07:21 PM,24,31,31,27,19,37,82,0.0,1013,27,10,13,14
2019-02-04 12:00:00,31,26,0.0,8.8,7,7,0,06:41 AM,06:59 PM,07:17 AM,07:21 PM,24,35,35,30,15,55,68,0.1,1013,30,10,31,13
2019-02-04 15:00:00,31,26,0.0,8.8,7,7,0,06:41 AM,06:59 PM,07:17 AM,07:21 PM,24,37,37,31,11,76,65,1.6,1011,31,9,33,8
2019-02-04 18:00:00,31,26,0.0,8.8,7,7,0,06:41 AM,06:59 PM,07:17 AM,07:21 PM,24,35,35,30,16,69,67,4.3,1010,30,7,28,9
2019-02-04 21:00:00,31,26,0.0,8.8,7,1,0,06:41 AM,06:59 PM,07:17 AM,07:21 PM,24,32,32,28,24,57,77,3.2,1012,28,8,35,14
2019-02-05 00:00:00,32,26,0.0,8.8,7,1,0,07:27 AM,07:46 PM,07:17 AM,07:21 PM,23,30,30,26,24,7,83,0.0,1013,26,10,25,16
2019-02-05 03:00:00,32,26,0.0,8.8,7,1,0,07:27 AM,07:46 PM,07:17 AM,07:21 PM,23,29,29,26,24,8,86,0.0,1012,26,10,15,16
2019-02-05 06:00:00,32,26,0.0,8.8,7,1,0,07:27 AM,07:46 PM,07:17 AM,07:21 PM,23,29,29,26,20,18,86,0.0,1012,26,10,6,14
2019-02-05 09:00:00,32,26,0.0,8.8,7,7,0,07:27 AM,07:46 PM,07:17 AM,07:21 PM,23,30,30,27,18,29,81,0.0,1013,27,13,7,14
2019-02-05 12:00:00,32,26,0.0,8.8,7,6,0,07:27 AM,07:46 PM,07:17 AM,07:21 PM,23,34,34,30,14,47,67,0.0,1013,30,19,7,12
2019-02-05 15:00:00,32,26,0.0,8.8,7,7,0,07:27 AM,07:46 PM,07:17 AM,07:21 PM,23,37,37,32,10,65,61,0.8,1011,32,16,13,8
2019-02-05 18:00:00,32,26,0.0,8.8,7,7,0,07:27 AM,07:46 PM,07:17 AM,07:21 PM,23,35,35,30,17,65,64,2.4,1010,30,10,33,11
2019-02-05 21:00:00,32,26,0.0,8.8,7,1,0,07:27 AM,07:46 PM,07:17 AM,07:21 PM,23,31,31,28,26,51,75,1.6,1011,28,9,36,17
2019-02-06 00:00:00,33,25,0.0,11.6,7,1,7,08:12 AM,08:30 PM,07:17 AM,07:21 PM,23,29,29,26,26,4,83,0.0,1012,26,10,29,18
2019-02-06 03:00:00,33,25,0.0,11.6,7,1,7,08:12 AM,08:30 PM,07:17 AM,07:21 PM,23,28,28,26,25,10,85,0.0,1012,26,10,26,17
2019-02-06 06:00:00,33,25,0.0,11.6,7,1,7,08:12 AM,08:30 PM,07:17 AM,07:21 PM,23,28,28,25,23,21,85,0.0,1011,25,10,20,15
2019-02-06 09:00:00,33,25,0.0,11.6,7,7,7,08:12 AM,08:30 PM,07:17 AM,07:21 PM,22,29,29,27,18,17,78,0.0,1012,27,10,18,13
2019-02-06 12:00:00,33,25,0.0,11.6,7,8,7,08:12 AM,08:30 PM,07:17 AM,07:21 PM,22,34,34,30,12,10,63,0.0,1012,30,10,15,10
2019-02-06 15:00:00,33,25,0.0,11.6,7,8,7,08:12 AM,08:30 PM,07:17 AM,07:21 PM,22,37,37,32,6,30,56,0.0,1010,32,10,36,5
2019-02-06 18:00:00,33,25,0.0,11.6,7,8,7,08:12 AM,08:30 PM,07:17 AM,07:21 PM,22,34,34,31,14,33,62,0.0,1008,31,10,87,10
2019-02-06 21:00:00,33,25,0.0,11.6,7,1,7,08:12 AM,08:30 PM,07:17 AM,07:21 PM,23,31,31,28,26,7,74,0.0,1010,28,10,43,17
2019-02-07 00:00:00,33,26,0.0,10.2,7,1,14,08:55 AM,09:14 PM,07:17 AM,07:21 PM,23,30,30,27,19,17,82,0.0,1012,27,10,31,14
2019-02-07 03:00:00,33,26,0.0,10.2,7,1,14,08:55 AM,09:14 PM,07:17 AM,07:21 PM,23,29,29,26,17,43,85,0.0,1011,26,10,28,12
2019-02-07 06:00:00,33,26,0.0,10.2,7,1,14,08:55 AM,09:14 PM,07:17 AM,07:21 PM,23,29,29,26,17,33,87,0.0,1011,26,10,17,12
2019-02-07 09:00:00,33,26,0.0,10.2,7,7,14,08:55 AM,09:14 PM,07:17 AM,07:21 PM,23,30,30,27,17,15,80,0.0,1012,27,10,11,13
2019-02-07 12:00:00,33,26,0.0,10.2,7,8,14,08:55 AM,09:14 PM,07:17 AM,07:21 PM,23,35,35,30,10,27,64,0.0,1013,30,10,116,9
2019-02-07 15:00:00,33,26,0.0,10.2,7,7,14,08:55 AM,09:14 PM,07:17 AM,07:21 PM,23,37,37,32,4,56,57,0.0,1010,32,10,238,3
2019-02-07 18:00:00,33,26,0.0,10.2,7,7,14,08:55 AM,09:14 PM,07:17 AM,07:21 PM,22,35,35,31,14,74,62,0.0,1009,31,10,69,10
2019-02-07 21:00:00,33,26,0.0,10.2,7,1,14,08:55 AM,09:14 PM,07:17 AM,07:21 PM,23,31,31,28,24,57,73,0.1,1011,28,10,46,16
2019-02-08 00:00:00,33,26,0.0,10.2,7,1,22,09:38 AM,09:56 PM,07:17 AM,07:21 PM,23,30,30,27,21,32,81,0.0,1013,27,10,31,14
2019-02-08 03:00:00,33,26,0.0,10.2,7,1,22,09:38 AM,09:56 PM,07:17 AM,07:21 PM,24,29,29,26,18,46,86,0.0,1011,26,10,16,13
2019-02-08 06:00:00,33,26,0.0,10.2,7,1,22,09:38 AM,09:56 PM,07:17 AM,07:21 PM,24,29,29,26,16,56,89,0.0,1011,26,10,4,12
2019-02-08 09:00:00,33,26,0.0,10.2,7,7,22,09:38 AM,09:56 PM,07:17 AM,07:21 PM,24,30,30,27,16,41,83,0.0,1013,27,10,6,12
2019-02-08 12:00:00,33,26,0.0,10.2,7,8,22,09:38 AM,09:56 PM,07:17 AM,07:21 PM,23,35,35,30,10,35,65,0.0,1013,30,10,32,9
2019-02-08 15:00:00,33,26,0.0,10.2,7,7,22,09:38 AM,09:56 PM,07:17 AM,07:21 PM,23,38,38,33,6,50,56,0.2,1010,33,10,48,5
2019-02-08 18:00:00,33,26,0.0,10.2,7,8,22,09:38 AM,09:56 PM,07:17 AM,07:21 PM,23,36,36,31,9,63,64,0.3,1009,31,9,30,7
2019-02-08 21:00:00,33,26,0.0,10.2,7,1,22,09:38 AM,09:56 PM,07:17 AM,07:21 PM,24,34,34,29,14,25,74,0.0,1011,29,10,43,10
2019-02-09 00:00:00,30,27,0.0,7.4,7,1,29,10:19 AM,10:39 PM,07:17 AM,07:21 PM,24,31,31,28,17,27,79,0.0,1012,28,10,17,12
2019-02-09 03:00:00,30,27,0.0,7.4,7,1,29,10:19 AM,10:39 PM,07:17 AM,07:21 PM,24,31,31,27,13,23,83,0.0,1011,27,10,127,10
2019-02-09 06:00:00,30,27,0.0,7.4,7,1,29,10:19 AM,10:39 PM,07:17 AM,07:21 PM,24,30,30,27,12,16,86,0.0,1011,27,10,350,9
2019-02-09 09:00:00,30,27,0.0,7.4,7,6,29,10:19 AM,10:39 PM,07:17 AM,07:21 PM,24,31,31,28,11,38,79,0.1,1013,28,13,333,8
2019-02-09 12:00:00,30,27,0.0,7.4,7,7,29,10:19 AM,10:39 PM,07:17 AM,07:21 PM,23,34,34,30,10,77,66,1.2,1013,30,19,337,8
2019-02-09 15:00:00,30,27,0.0,7.4,7,7,29,10:19 AM,10:39 PM,07:17 AM,07:21 PM,23,35,35,30,16,71,66,3.6,1010,30,19,237,9
2019-02-09 18:00:00,30,27,0.0,7.4,7,6,29,10:19 AM,10:39 PM,07:17 AM,07:21 PM,24,34,34,30,23,81,71,5.6,1010,30,19,21,12
2019-02-09 21:00:00,30,27,0.0,7.4,7,1,29,10:19 AM,10:39 PM,07:17 AM,07:21 PM,24,32,32,28,27,76,79,4.9,1012,28,20,27,15
2019-02-10 00:00:00,31,26,0.0,8.8,6,1,37,11:01 AM,11:22 PM,07:17 AM,07:21 PM,24,30,30,27,25,85,84,0.8,1013,27,20,31,17
2019-02-10 03:00:00,31,26,0.0,8.8,6,1,37,11:01 AM,11:22 PM,07:17 AM,07:21 PM,24,30,30,26,22,77,87,0.9,1012,26,19,23,15
2019-02-10 06:00:00,31,26,0.0,8.8,6,1,37,11:01 AM,11:22 PM,07:17 AM,07:21 PM,24,30,30,26,21,73,87,0.1,1012,26,18,22,14
2019-02-10 09:00:00,31,26,0.0,8.8,6,7,37,11:01 AM,11:22 PM,07:17 AM,07:21 PM,24,31,31,27,18,55,81,0.1,1013,27,15,24,14
2019-02-10 12:00:00,31,26,0.0,8.8,6,7,37,11:01 AM,11:22 PM,07:17 AM,07:21 PM,24,35,35,31,14,33,67,0.2,1013,31,10,34,12
2019-02-10 15:00:00,31,26,0.0,8.8,6,7,37,11:01 AM,11:22 PM,07:17 AM,07:21 PM,24,37,37,31,17,72,64,1.1,1012,31,10,49,13
2019-02-10 18:00:00,31,26,0.0,8.8,6,6,37,11:01 AM,11:22 PM,07:17 AM,07:21 PM,23,34,34,30,28,70,69,1.7,1011,30,13,41,18
2019-02-10 21:00:00,31,26,0.0,8.8,6,1,37,11:01 AM,11:22 PM,07:17 AM,07:21 PM,23,30,30,27,33,55,77,0.2,1012,27,15,36,23
2019-02-11 00:00:00,32,25,0.0,11.6,7,1,44,11:44 AM,No moonset,07:17 AM,07:21 PM,23,29,29,26,27,28,83,0.0,1014,26,13,29,18
2019-02-11 03:00:00,32,25,0.0,11.6,7,1,44,11:44 AM,No moonset,07:17 AM,07:21 PM,22,28,28,25,26,32,84,0.0,1014,25,20,25,18
2019-02-11 06:00:00,32,25,0.0,11.6,7,1,44,11:44 AM,No moonset,07:17 AM,07:21 PM,22,27,27,25,26,23,83,0.0,1014,25,20,21,18
2019-02-11 09:00:00,32,25,0.0,11.6,7,7,44,11:44 AM,No moonset,07:17 AM,07:21 PM,22,28,28,26,25,14,76,0.0,1015,26,17,20,18
2019-02-11 12:00:00,32,25,0.0,11.6,7,7,44,11:44 AM,No moonset,07:17 AM,07:21 PM,21,32,32,29,22,5,61,0.0,1014,29,10,22,18
2019-02-11 15:00:00,32,25,0.0,11.6,7,8,44,11:44 AM,No moonset,07:17 AM,07:21 PM,21,35,35,31,21,14,55,0.0,1012,31,10,33,17
2019-02-11 18:00:00,32,25,0.0,11.6,7,8,44,11:44 AM,No moonset,07:17 AM,07:21 PM,21,33,33,30,30,23,58,0.0,1011,30,10,39,21
2019-02-11 21:00:00,32,25,0.0,11.6,7,1,44,11:44 AM,No moonset,07:17 AM,07:21 PM,21,29,29,27,34,28,69,0.0,1012,27,10,34,23
2019-02-12 00:00:00,33,25,0.0,11.6,7,1,52,12:29 PM,12:07 AM,07:17 AM,07:21 PM,22,28,28,26,28,48,79,0.0,1014,26,13,29,18
2019-02-12 03:00:00,33,25,0.0,11.6,7,1,52,12:29 PM,12:07 AM,07:17 AM,07:21 PM,22,28,28,25,19,31,82,0.0,1014,25,20,19,13
2019-02-12 06:00:00,33,25,0.0,11.6,7,1,52,12:29 PM,12:07 AM,07:17 AM,07:21 PM,22,27,27,25,13,14,84,0.0,1014,25,20,117,9
2019-02-12 09:00:00,33,25,0.0,11.6,7,7,52,12:29 PM,12:07 AM,07:17 AM,07:21 PM,22,29,29,27,12,13,78,0.0,1014,27,17,237,10
2019-02-12 12:00:00,33,25,0.0,11.6,7,8,52,12:29 PM,12:07 AM,07:17 AM,07:21 PM,22,34,34,31,9,16,60,0.0,1015,31,10,49,8
2019-02-12 15:00:00,33,25,0.0,11.6,7,8,52,12:29 PM,12:07 AM,07:17 AM,07:21 PM,22,37,37,33,4,21,53,0.0,1013,33,10,121,4
2019-02-12 18:00:00,33,25,0.0,11.6,7,7,52,12:29 PM,12:07 AM,07:17 AM,07:21 PM,23,36,36,31,11,46,61,0.0,1011,31,10,134,9
2019-02-12 21:00:00,33,25,0.0,11.6,7,1,52,12:29 PM,12:07 AM,07:17 AM,07:21 PM,23,32,32,29,21,60,74,0.1,1013,29,10,43,14
2019-02-13 00:00:00,31,26,0.0,7.4,7,1,60,01:18 PM,12:54 AM,07:17 AM,07:21 PM,24,30,30,27,27,30,82,0.0,1014,27,10,19,18
2019-02-13 03:00:00,31,26,0.0,7.4,7,1,60,01:18 PM,12:54 AM,07:17 AM,07:21 PM,24,30,30,27,21,41,85,0.0,1014,27,13,15,14
2019-02-13 06:00:00,31,26,0.0,7.4,7,1,60,01:18 PM,12:54 AM,07:17 AM,07:21 PM,24,29,29,26,17,50,86,0.0,1013,26,16,8,12
2019-02-13 09:00:00,31,26,0.0,7.4,7,7,60,01:18 PM,12:54 AM,07:17 AM,07:21 PM,24,31,31,27,16,60,80,0.0,1014,27,10,16,12
2019-02-13 12:00:00,31,26,0.0,7.4,7,7,60,01:18 PM,12:54 AM,07:17 AM,07:21 PM,24,35,35,30,21,57,68,0.2,1014,30,10,40,17
2019-02-13 15:00:00,31,26,0.0,7.4,7,7,60,01:18 PM,12:54 AM,07:17 AM,07:21 PM,24,36,36,31,24,73,65,0.8,1012,31,9,51,19
2019-02-13 18:00:00,31,26,0.0,7.4,7,6,60,01:18 PM,12:54 AM,07:17 AM,07:21 PM,24,34,34,30,29,77,71,1.3,1011,30,13,47,21
2019-02-13 21:00:00,31,26,0.0,7.4,7,1,60,01:18 PM,12:54 AM,07:17 AM,07:21 PM,24,31,31,28,30,76,79,0.9,1012,28,16,43,21
2019-02-14 00:00:00,31,26,0.0,8.8,7,1,67,02:09 PM,01:45 AM,07:17 AM,07:21 PM,24,30,30,27,27,56,83,0.0,1013,27,10,37,18
2019-02-14 03:00:00,31,26,0.0,8.8,7,1,67,02:09 PM,01:45 AM,07:17 AM,07:21 PM,24,30,30,26,26,56,84,0.0,1013,26,12,33,17
2019-02-14 06:00:00,31,26,0.0,8.8,7,1,67,02:09 PM,01:45 AM,07:17 AM,07:21 PM,23,29,29,26,24,55,85,0.1,1012,26,16,27,17
2019-02-14 09:00:00,31,26,0.0,8.8,7,7,67,02:09 PM,01:45 AM,07:17 AM,07:21 PM,23,31,31,27,24,50,79,0.1,1012,27,14,30,18
2019-02-14 12:00:00,31,26,0.0,8.8,7,7,67,02:09 PM,01:45 AM,07:17 AM,07:21 PM,23,35,35,30,26,49,68,0.1,1013,30,10,40,21
2019-02-14 15:00:00,31,26,0.0,8.8,7,7,67,02:09 PM,01:45 AM,07:17 AM,07:21 PM,23,36,36,31,29,79,65,1.2,1011,31,9,40,21
2019-02-14 18:00:00,31,26,0.0,8.8,7,6,67,02:09 PM,01:45 AM,07:17 AM,07:21 PM,23,34,34,30,35,75,69,2.9,1010,30,7,39,21
2019-02-14 21:00:00,31,26,0.0,8.8,7,1,67,02:09 PM,01:45 AM,07:17 AM,07:21 PM,23,31,31,28,32,58,76,1.9,1011,28,11,36,21
2019-02-15 00:00:00,31,26,0.0,10.2,7,1,75,03:06 PM,02:39 AM,07:17 AM,07:21 PM,23,30,30,27,26,37,81,0.0,1013,27,16,29,18
2019-02-15 03:00:00,31,26,0.0,10.2,7,1,75,03:06 PM,02:39 AM,07:17 AM,07:21 PM,23,29,29,26,23,41,81,0.0,1012,26,13,24,16
2019-02-15 06:00:00,31,26,0.0,10.2,7,1,75,03:06 PM,02:39 AM,07:17 AM,07:21 PM,23,29,29,26,24,26,81,0.0,1012,26,19,20,16
2019-02-15 09:00:00,31,26,0.0,10.2,7,7,75,03:06 PM,02:39 AM,07:17 AM,07:21 PM,23,30,30,27,22,28,76,0.0,1013,27,16,23,16
2019-02-15 12:00:00,31,26,0.0,10.2,7,7,75,03:06 PM,02:39 AM,07:17 AM,07:21 PM,23,34,34,30,19,53,64,0.0,1013,30,10,37,16
2019-02-15 15:00:00,31,26,0.0,10.2,7,8,75,03:06 PM,02:39 AM,07:17 AM,07:21 PM,23,36,36,31,23,72,61,0.0,1012,31,10,46,18
2019-02-15 18:00:00,31,26,0.0,10.2,7,8,75,03:06 PM,02:39 AM,07:17 AM,07:21 PM,23,34,34,30,30,27,64,0.0,1011,30,10,47,22
2019-02-15 21:00:00,31,26,0.0,10.2,7,1,75,03:06 PM,02:39 AM,07:17 AM,07:21 PM,22,31,31,28,30,11,73,0.0,1012,28,13,36,20
2019-02-16 00:00:00,33,26,0.0,10.2,7,1,82,04:05 PM,03:38 AM,07:17 AM,07:21 PM,22,29,29,27,24,14,78,0.0,1014,27,17,25,17
2019-02-16 03:00:00,33,26,0.0,10.2,7,1,82,04:05 PM,03:38 AM,07:17 AM,07:21 PM,23,29,29,26,24,24,81,0.0,1013,26,10,18,17
2019-02-16 06:00:00,33,26,0.0,10.2,7,1,82,04:05 PM,03:38 AM,07:17 AM,07:21 PM,23,28,28,26,23,21,84,0.0,1013,26,13,11,16
2019-02-16 09:00:00,33,26,0.0,10.2,7,7,82,04:05 PM,03:38 AM,07:17 AM,07:21 PM,23,30,30,27,19,15,79,0.0,1014,27,17,12,14
2019-02-16 12:00:00,33,26,0.0,10.2,7,8,82,04:05 PM,03:38 AM,07:17 AM,07:21 PM,23,35,35,31,11,17,64,0.0,1013,31,10,126,10
2019-02-16 15:00:00,33,26,0.0,10.2,7,7,82,04:05 PM,03:38 AM,07:17 AM,07:21 PM,23,39,39,33,4,32,58,0.0,1011,33,10,272,4
2019-02-16 18:00:00,33,26,0.0,10.2,7,7,82,04:05 PM,03:38 AM,07:17 AM,07:21 PM,22,35,35,31,8,67,61,0.1,1010,31,13,92,6
2019-02-16 21:00:00,33,26,0.0,10.2,7,1,82,04:05 PM,03:38 AM,07:17 AM,07:21 PM,23,32,32,28,16,68,72,0.3,1012,28,16,44,11
2019-02-17 00:00:00,32,26,0.0,11.6,6,1,90,05:08 PM,04:39 AM,07:17 AM,07:21 PM,23,30,30,27,22,82,80,0.4,1013,27,13,22,15
2019-02-17 03:00:00,32,26,0.0,11.6,6,1,90,05:08 PM,04:39 AM,07:17 AM,07:21 PM,23,29,29,26,17,63,81,0.2,1012,26,20,20,12
2019-02-17 06:00:00,32,26,0.0,11.6,6,1,90,05:08 PM,04:39 AM,07:17 AM,07:21 PM,23,29,29,26,18,25,83,0.0,1012,26,20,18,13
2019-02-17 09:00:00,32,26,0.0,11.6,6,7,90,05:08 PM,04:39 AM,07:17 AM,07:21 PM,23,30,30,27,17,27,77,0.0,1013,27,16,15,12
2019-02-17 12:00:00,32,26,0.0,11.6,6,7,90,05:08 PM,04:39 AM,07:17 AM,07:21 PM,23,34,34,30,9,36,64,0.4,1013,30,10,117,8
2019-02-17 15:00:00,32,26,0.0,11.6,6,7,90,05:08 PM,04:39 AM,07:17 AM,07:21 PM,23,36,36,31,5,57,62,2.0,1011,31,9,227,3
2019-02-17 18:00:00,32,26,0.0,11.6,6,6,90,05:08 PM,04:39 AM,07:17 AM,07:21 PM,23,34,34,30,14,60,69,4.0,1010,30,7,46,8
2019-02-17 21:00:00,32,26,0.0,11.6,6,1,90,05:08 PM,04:39 AM,07:17 AM,07:21 PM,24,32,32,28,20,55,79,2.7,1011,28,11,49,12
2019-02-18 00:00:00,30,26,0.0,7.4,7,1,97,06:10 PM,05:42 AM,07:16 AM,07:21 PM,24,30,30,27,15,50,82,0.0,1012,27,18,46,10
2019-02-18 03:00:00,30,26,0.0,7.4,7,1,97,06:10 PM,05:42 AM,07:16 AM,07:21 PM,23,30,30,27,11,51,82,0.0,1012,27,17,38,8
2019-02-18 06:00:00,30,26,0.0,7.4,7,1,97,06:10 PM,05:42 AM,07:16 AM,07:21 PM,23,29,29,26,7,39,83,0.0,1012,26,17,20,5
2019-02-18 09:00:00,30,26,0.0,7.4,7,6,97,06:10 PM,05:42 AM,07:16 AM,07:21 PM,23,30,30,27,4,58,79,0.6,1013,27,14,60,3
2019-02-18 12:00:00,30,26,0.0,7.4,7,6,97,06:10 PM,05:42 AM,07:16 AM,07:21 PM,23,33,33,29,6,71,69,2.1,1013,29,8,173,4
2019-02-18 15:00:00,30,26,0.0,7.4,7,6,97,06:10 PM,05:42 AM,07:16 AM,07:21 PM,23,34,34,30,9,75,66,1.8,1011,30,8,176,6
2019-02-18 18:00:00,30,26,0.0,7.4,7,6,97,06:10 PM,05:42 AM,07:16 AM,07:21 PM,23,34,34,30,6,80,69,0.2,1010,30,9,122,5
2019-02-18 21:00:00,30,26,0.0,7.4,7,1,97,06:10 PM,05:42 AM,07:16 AM,07:21 PM,24,33,33,28,10,78,78,0.1,1011,28,9,45,7
2019-02-19 00:00:00,30,27,0.0,7.4,7,1,100,07:11 PM,06:43 AM,07:16 AM,07:21 PM,24,31,31,27,15,66,82,0.0,1012,27,10,39,10
2019-02-19 03:00:00,30,27,0.0,7.4,7,1,100,07:11 PM,06:43 AM,07:16 AM,07:21 PM,24,30,30,27,15,35,84,0.0,1011,27,10,42,10
2019-02-19 06:00:00,30,27,0.0,7.4,7,1,100,07:11 PM,06:43 AM,07:16 AM,07:21 PM,24,30,30,27,14,23,84,0.0,1011,27,13,45,10
2019-02-19 09:00:00,30,27,0.0,7.4,7,6,100,07:11 PM,06:43 AM,07:16 AM,07:21 PM,23,31,31,27,18,46,78,1.9,1012,27,15,52,12
2019-02-19 12:00:00,30,27,0.0,7.4,7,6,100,07:11 PM,06:43 AM,07:16 AM,07:21 PM,24,34,34,30,24,85,70,8.5,1013,30,6,69,12
2019-02-19 15:00:00,30,27,0.0,7.4,7,7,100,07:11 PM,06:43 AM,07:16 AM,07:21 PM,24,35,35,30,24,81,68,10.1,1011,30,5,84,13
2019-02-19 18:00:00,30,27,0.0,7.4,7,6,100,07:11 PM,06:43 AM,07:16 AM,07:21 PM,24,34,34,29,24,78,72,2.3,1010,29,9,65,15
2019-02-19 21:00:00,30,27,0.0,7.4,7,1,100,07:11 PM,06:43 AM,07:16 AM,07:21 PM,24,31,31,28,24,64,80,1.6,1012,28,9,56,16
2019-02-20 00:00:00,32,26,0.0,8.8,7,1,88,08:09 PM,07:42 AM,07:16 AM,07:21 PM,24,31,31,27,19,25,84,0.0,1014,27,10,51,14
2019-02-20 03:00:00,32,26,0.0,8.8,7,1,88,08:09 PM,07:42 AM,07:16 AM,07:21 PM,24,30,30,27,17,37,86,0.0,1013,27,10,43,12
2019-02-20 06:00:00,32,26,0.0,8.8,7,1,88,08:09 PM,07:42 AM,07:16 AM,07:21 PM,24,30,30,26,15,35,87,0.0,1012,26,10,39,11
2019-02-20 09:00:00,32,26,0.0,8.8,7,7,88,08:09 PM,07:42 AM,07:16 AM,07:21 PM,24,31,31,28,15,21,81,0.0,1014,28,10,38,11
2019-02-20 12:00:00,32,26,0.0,8.8,7,7,88,08:09 PM,07:42 AM,07:16 AM,07:21 PM,24,35,35,31,13,40,66,0.1,1014,31,10,59,11
2019-02-20 15:00:00,32,26,0.0,8.8,7,7,88,08:09 PM,07:42 AM,07:16 AM,07:21 PM,24,37,37,32,16,81,64,0.9,1012,32,9,70,12
2019-02-20 18:00:00,32,26,0.0,8.8,7,6,88,08:09 PM,07:42 AM,07:16 AM,07:21 PM,24,35,35,30,25,83,71,2.1,1011,30,9,47,17
2019-02-20 21:00:00,32,26,0.0,8.8,7,1,88,08:09 PM,07:42 AM,07:16 AM,07:21 PM,24,32,32,28,26,53,80,1.5,1012,28,9,34,17
2019-02-21 00:00:00,32,26,0.0,8.8,7,1,80,09:05 PM,08:37 AM,07:16 AM,07:21 PM,24,30,30,27,22,17,85,0.0,1014,27,10,28,15
2019-02-21 03:00:00,32,26,0.0,8.8,7,1,80,09:05 PM,08:37 AM,07:16 AM,07:21 PM,24,30,30,26,23,44,88,0.0,1013,26,10,25,15
2019-02-21 06:00:00,32,26,0.0,8.8,7,1,80,09:05 PM,08:37 AM,07:16 AM,07:21 PM,24,29,29,26,20,57,88,0.0,1012,26,10,16,14
2019-02-21 09:00:00,32,26,0.0,8.8,7,7,80,09:05 PM,08:37 AM,07:16 AM,07:21 PM,24,30,30,27,20,52,82,0.0,1013,27,10,18,15
2019-02-21 12:00:00,32,26,0.0,8.8,7,6,80,09:05 PM,08:37 AM,07:16 AM,07:21 PM,23,34,34,30,19,58,68,0.0,1013,30,10,32,15
2019-02-21 15:00:00,32,26,0.0,8.8,7,7,80,09:05 PM,08:37 AM,07:16 AM,07:21 PM,23,37,37,32,22,66,61,0.2,1011,32,10,39,17
2019-02-21 18:00:00,32,26,0.0,8.8,7,7,80,09:05 PM,08:37 AM,07:16 AM,07:21 PM,23,35,35,31,29,64,65,0.3,1010,31,10,40,21
2019-02-21 21:00:00,32,26,0.0,8.8,7,1,80,09:05 PM,08:37 AM,07:16 AM,07:21 PM,23,32,32,28,28,57,75,0.2,1011,28,10,35,18
2019-02-22 00:00:00,33,26,0.0,8.8,8,1,73,09:58 PM,09:31 AM,07:16 AM,07:21 PM,24,31,31,27,21,17,81,0.0,1012,27,10,21,14
2019-02-22 03:00:00,33,26,0.0,8.8,8,1,73,09:58 PM,09:31 AM,07:16 AM,07:21 PM,24,30,30,27,15,19,83,0.0,1011,27,10,123,10
2019-02-22 06:00:00,33,26,0.0,8.8,8,1,73,09:58 PM,09:31 AM,07:16 AM,07:21 PM,24,30,30,27,13,16,85,0.0,1011,27,10,347,10
2019-02-22 09:00:00,33,26,0.0,8.8,8,7,73,09:58 PM,09:31 AM,07:16 AM,07:21 PM,24,32,32,28,13,6,78,0.0,1012,28,10,242,11
2019-02-22 12:00:00,33,26,0.0,8.8,8,7,73,09:58 PM,09:31 AM,07:16 AM,07:21 PM,23,36,36,31,10,28,64,0.0,1012,31,10,34,9
2019-02-22 15:00:00,33,26,0.0,8.8,8,7,73,09:58 PM,09:31 AM,07:16 AM,07:21 PM,23,38,38,33,9,74,58,0.1,1010,33,10,60,8
2019-02-22 18:00:00,33,26,0.0,8.8,8,7,73,09:58 PM,09:31 AM,07:16 AM,07:21 PM,23,36,36,31,19,82,63,0.1,1009,31,10,56,14
2019-02-22 21:00:00,33,26,0.0,8.8,8,1,73,09:58 PM,09:31 AM,07:16 AM,07:21 PM,23,31,31,28,29,51,75,0.1,1010,28,10,40,19
2019-02-23 00:00:00,32,25,0.0,11.6,7,1,65,10:49 PM,10:22 AM,07:16 AM,07:21 PM,23,30,30,27,23,6,83,0.0,1012,27,10,37,16
2019-02-23 03:00:00,32,25,0.0,11.6,7,1,65,10:49 PM,10:22 AM,07:16 AM,07:21 PM,23,29,29,26,19,10,85,0.0,1011,26,10,33,14
2019-02-23 06:00:00,32,25,0.0,11.6,7,1,65,10:49 PM,10:22 AM,07:16 AM,07:21 PM,23,28,28,25,19,22,86,0.0,1010,25,10,23,13
2019-02-23 09:00:00,32,25,0.0,11.6,7,7,65,10:49 PM,10:22 AM,07:16 AM,07:21 PM,23,29,29,26,19,28,80,0.0,1011,26,13,25,14
2019-02-23 12:00:00,32,25,0.0,11.6,7,7,65,10:49 PM,10:22 AM,07:16 AM,07:21 PM,22,33,33,29,18,18,66,0.0,1011,29,20,30,15
2019-02-23 15:00:00,32,25,0.0,11.6,7,8,65,10:49 PM,10:22 AM,07:16 AM,07:21 PM,22,36,36,32,13,20,57,0.0,1009,32,20,54,11
2019-02-23 18:00:00,32,25,0.0,11.6,7,8,65,10:49 PM,10:22 AM,07:16 AM,07:21 PM,23,35,35,31,17,37,63,0.0,1009,31,19,74,13
2019-02-23 21:00:00,32,25,0.0,11.6,7,1,65,10:49 PM,10:22 AM,07:16 AM,07:21 PM,22,31,31,28,28,7,72,0.0,1010,28,19,41,19
2019-02-24 00:00:00,34,25,0.0,11.6,8,1,57,11:40 PM,11:12 AM,07:16 AM,07:21 PM,22,29,29,26,24,6,77,0.0,1011,26,19,26,17
2019-02-24 03:00:00,34,25,0.0,11.6,8,1,57,11:40 PM,11:12 AM,07:16 AM,07:21 PM,22,28,28,26,22,8,81,0.0,1011,26,10,29,15
2019-02-24 06:00:00,34,25,0.0,11.6,8,1,57,11:40 PM,11:12 AM,07:16 AM,07:21 PM,22,27,27,25,21,11,83,0.0,1010,25,10,22,14
2019-02-24 09:00:00,34,25,0.0,11.6,8,7,57,11:40 PM,11:12 AM,07:16 AM,07:21 PM,22,29,29,26,18,12,78,0.0,1011,26,10,17,13
2019-02-24 12:00:00,34,25,0.0,11.6,8,8,57,11:40 PM,11:12 AM,07:16 AM,07:21 PM,23,35,35,31,10,6,63,0.0,1011,31,10,13,8
2019-02-24 15:00:00,34,25,0.0,11.6,8,8,57,11:40 PM,11:12 AM,07:16 AM,07:21 PM,24,40,40,33,3,18,57,0.0,1009,33,10,51,3
2019-02-24 18:00:00,34,25,0.0,11.6,8,8,57,11:40 PM,11:12 AM,07:16 AM,07:21 PM,22,35,35,31,15,31,60,0.0,1008,31,10,95,11
2019-02-24 21:00:00,34,25,0.0,11.6,8,1,57,11:40 PM,11:12 AM,07:16 AM,07:21 PM,22,31,31,28,27,9,73,0.0,1009,28,10,44,19
2019-02-25 00:00:00,33,25,0.0,11.6,7,1,50,No moonrise,12:01 PM,07:15 AM,07:20 PM,23,29,29,27,22,13,79,0.0,1011,27,10,38,15
2019-02-25 03:00:00,33,25,0.0,11.6,7,1,50,No moonrise,12:01 PM,07:15 AM,07:20 PM,23,29,29,26,20,42,85,0.0,1010,26,10,35,14
2019-02-25 06:00:00,33,25,0.0,11.6,7,1,50,No moonrise,12:01 PM,07:15 AM,07:20 PM,23,28,28,25,21,48,87,0.0,1010,25,10,22,14
2019-02-25 09:00:00,33,25,0.0,11.6,7,7,50,No moonrise,12:01 PM,07:15 AM,07:20 PM,23,30,30,27,20,15,79,0.0,1011,27,10,24,15
2019-02-25 12:00:00,33,25,0.0,11.6,7,8,50,No moonrise,12:01 PM,07:15 AM,07:20 PM,23,35,35,31,13,17,64,0.0,1011,31,10,51,11
2019-02-25 15:00:00,33,25,0.0,11.6,7,7,50,No moonrise,12:01 PM,07:15 AM,07:20 PM,24,37,37,32,15,43,62,0.9,1010,32,9,76,11
2019-02-25 18:00:00,33,25,0.0,11.6,7,6,50,No moonrise,12:01 PM,07:15 AM,07:20 PM,24,34,34,30,31,59,72,3.0,1008,30,7,63,19
2019-02-25 21:00:00,33,25,0.0,11.6,7,1,50,No moonrise,12:01 PM,07:15 AM,07:20 PM,24,31,31,28,35,65,80,2.5,1009,28,8,52,21
2019-02-26 00:00:00,32,26,0.0,8.8,7,1,42,12:30 AM,12:51 PM,07:15 AM,07:20 PM,24,30,30,27,27,45,84,0.0,1010,27,10,47,19
2019-02-26 03:00:00,32,26,0.0,8.8,7,1,42,12:30 AM,12:51 PM,07:15 AM,07:20 PM,24,30,30,26,25,49,86,0.0,1009,26,10,45,17
2019-02-26 06:00:00,32,26,0.0,8.8,7,1,42,12:30 AM,12:51 PM,07:15 AM,07:20 PM,24,29,29,26,22,45,86,0.0,1009,26,10,42,15
2019-02-26 09:00:00,32,26,0.0,8.8,7,7,42,12:30 AM,12:51 PM,07:15 AM,07:20 PM,23,31,31,27,20,31,80,0.0,1010,27,10,44,15
2019-02-26 12:00:00,32,26,0.0,8.8,7,7,42,12:30 AM,12:51 PM,07:15 AM,07:20 PM,23,35,35,30,20,45,66,0.1,1010,30,10,58,16
2019-02-26 15:00:00,32,26,0.0,8.8,7,7,42,12:30 AM,12:51 PM,07:15 AM,07:20 PM,24,36,36,31,26,80,64,1.3,1008,31,9,64,19
2019-02-26 18:00:00,32,26,0.0,8.8,7,6,42,12:30 AM,12:51 PM,07:15 AM,07:20 PM,24,35,35,30,35,82,71,3.3,1007,30,7,53,21
2019-02-26 21:00:00,32,26,0.0,8.8,7,1,42,12:30 AM,12:51 PM,07:15 AM,07:20 PM,24,31,31,28,32,65,79,2.3,1009,28,8,42,20
2019-02-27 00:00:00,31,26,0.0,6.0,7,1,35,01:21 AM,01:41 PM,07:15 AM,07:20 PM,24,30,30,27,24,45,83,0.0,1010,27,10,35,17
2019-02-27 03:00:00,31,26,0.0,6.0,7,1,35,01:21 AM,01:41 PM,07:15 AM,07:20 PM,24,30,30,27,22,59,85,0.0,1009,27,10,30,15
2019-02-27 06:00:00,31,26,0.0,6.0,7,1,35,01:21 AM,01:41 PM,07:15 AM,07:20 PM,24,30,30,26,21,67,86,0.0,1008,26,10,26,15
2019-02-27 09:00:00,31,26,0.0,6.0,7,6,35,01:21 AM,01:41 PM,07:15 AM,07:20 PM,24,31,31,27,24,69,80,1.0,1009,27,9,32,17
2019-02-27 12:00:00,31,26,0.0,6.0,7,7,35,01:21 AM,01:41 PM,07:15 AM,07:20 PM,24,35,35,30,33,76,69,4.7,1009,30,6,38,19
2019-02-27 15:00:00,31,26,0.0,6.0,7,7,35,01:21 AM,01:41 PM,07:15 AM,07:20 PM,24,36,36,31,38,65,68,6.4,1008,31,4,45,20
2019-02-27 18:00:00,31,26,0.0,6.0,7,6,35,01:21 AM,01:41 PM,07:15 AM,07:20 PM,24,34,34,30,35,83,71,2.8,1007,30,7,43,22
2019-02-27 21:00:00,31,26,0.0,6.0,7,1,35,01:21 AM,01:41 PM,07:15 AM,07:20 PM,23,31,31,28,31,65,76,1.9,1008,28,8,41,19
2019-02-28 00:00:00,31,27,0.0,8.8,7,1,27,02:10 AM,02:30 PM,07:15 AM,07:20 PM,23,30,30,27,22,22,79,0.0,1009,27,10,37,15
2019-02-28 03:00:00,31,27,0.0,8.8,7,1,27,02:10 AM,02:30 PM,07:15 AM,07:20 PM,23,30,30,27,18,28,81,0.0,1009,27,10,32,12
2019-02-28 06:00:00,31,27,0.0,8.8,7,1,27,02:10 AM,02:30 PM,07:15 AM,07:20 PM,23,30,30,27,16,37,82,0.0,1008,27,10,27,11
2019-02-28 09:00:00,31,27,0.0,8.8,7,7,27,02:10 AM,02:30 PM,07:15 AM,07:20 PM,23,31,31,28,15,45,77,0.0,1010,28,10,29,11
2019-02-28 12:00:00,31,27,0.0,8.8,7,7,27,02:10 AM,02:30 PM,07:15 AM,07:20 PM,23,35,35,30,18,57,66,0.6,1010,30,10,36,14
2019-02-28 15:00:00,31,27,0.0,8.8,7,7,27,02:10 AM,02:30 PM,07:15 AM,07:20 PM,24,36,36,31,27,74,68,2.8,1008,31,9,36,17
2019-02-28 18:00:00,31,27,0.0,8.8,7,6,27,02:10 AM,02:30 PM,07:15 AM,07:20 PM,24,34,34,29,32,60,75,5.1,1007,29,7,38,17
2019-02-28 21:00:00,31,27,0.0,8.8,7,1,27,02:10 AM,02:30 PM,07:15 AM,07:20 PM,24,31,31,28,28,57,81,3.7,1009,28,8,41,16
2019-03-01 00:00:00,31,26,0.0,11.6,7,1,26,03:00 AM,03:20 PM,07:15 AM,07:20 PM,24,31,31,27,22,33,81,0.0,1010,27,10,37,15
2019-03-01 03:00:00,31,26,0.0,11.6,7,1,26,03:00 AM,03:20 PM,07:15 AM,07:20 PM,23,30,30,27,21,52,82,0.0,1010,27,10,36,14
2019-03-01 06:00:00,31,26,0.0,11.6,7,1,26,03:00 AM,03:20 PM,07:15 AM,07:20 PM,23,30,30,26,21,63,83,0.0,1009,26,10,30,14
2019-03-01 09:00:00,31,26,0.0,11.6,7,7,26,03:00 AM,03:20 PM,07:15 AM,07:20 PM,23,31,31,28,19,50,77,0.0,1011,28,10,29,15
2019-03-01 12:00:00,31,26,0.0,11.6,7,8,26,03:00 AM,03:20 PM,07:15 AM,07:20 PM,23,34,34,30,23,35,66,0.0,1011,30,10,40,19
2019-03-01 15:00:00,31,26,0.0,11.6,7,8,26,03:00 AM,03:20 PM,07:15 AM,07:20 PM,23,35,35,31,26,22,64,0.0,1009,31,10,43,22
2019-03-01 18:00:00,31,26,0.0,11.6,7,7,26,03:00 AM,03:20 PM,07:15 AM,07:20 PM,23,33,33,29,29,16,69,0.0,1008,29,10,40,23
2019-03-01 21:00:00,31,26,0.0,11.6,7,1,26,03:00 AM,03:20 PM,07:15 AM,07:20 PM,23,31,31,27,30,21,77,0.0,1009,27,10,28,21
2019-03-02 00:00:00,32,26,0.0,11.6,7,1,19,03:50 AM,04:09 PM,07:14 AM,07:20 PM,23,30,30,27,26,34,80,0.0,1011,27,10,24,18
2019-03-02 03:00:00,32,26,0.0,11.6,7,1,19,03:50 AM,04:09 PM,07:14 AM,07:20 PM,23,29,29,26,23,49,81,0.0,1010,26,10,26,15
2019-03-02 06:00:00,32,26,0.0,11.6,7,1,19,03:50 AM,04:09 PM,07:14 AM,07:20 PM,22,28,28,26,21,51,80,0.0,1009,26,10,16,14
2019-03-02 09:00:00,32,26,0.0,11.6,7,7,19,03:50 AM,04:09 PM,07:14 AM,07:20 PM,22,30,30,27,19,28,74,0.0,1010,27,10,13,14
2019-03-02 12:00:00,32,26,0.0,11.6,7,8,19,03:50 AM,04:09 PM,07:14 AM,07:20 PM,22,34,34,30,18,13,61,0.0,1011,30,10,23,15
2019-03-02 15:00:00,32,26,0.0,11.6,7,8,19,03:50 AM,04:09 PM,07:14 AM,07:20 PM,22,36,36,32,20,13,57,0.0,1009,32,10,35,17
2019-03-02 18:00:00,32,26,0.0,11.6,7,7,19,03:50 AM,04:09 PM,07:14 AM,07:20 PM,22,33,33,30,27,11,62,0.0,1008,30,10,38,21
2019-03-02 21:00:00,32,26,0.0,11.6,7,1,19,03:50 AM,04:09 PM,07:14 AM,07:20 PM,22,29,29,27,30,9,72,0.0,1009,27,10,33,22
2019-03-03 00:00:00,32,26,0.0,8.8,7,1,12,04:38 AM,04:56 PM,07:14 AM,07:20 PM,22,29,29,26,25,10,76,0.0,1010,26,10,33,18
2019-03-03 03:00:00,32,26,0.0,8.8,7,1,12,04:38 AM,04:56 PM,07:14 AM,07:20 PM,22,28,28,26,22,13,78,0.0,1009,26,10,28,15
2019-03-03 06:00:00,32,26,0.0,8.8,7,1,12,04:38 AM,04:56 PM,07:14 AM,07:20 PM,21,28,28,26,18,14,77,0.0,1008,26,10,27,13
2019-03-03 09:00:00,32,26,0.0,8.8,7,7,12,04:38 AM,04:56 PM,07:14 AM,07:20 PM,21,30,30,27,15,9,71,0.0,1010,27,10,27,11
2019-03-03 12:00:00,32,26,0.0,8.8,7,7,12,04:38 AM,04:56 PM,07:14 AM,07:20 PM,22,34,34,30,12,32,61,0.0,1010,30,10,35,10
2019-03-03 15:00:00,32,26,0.0,8.8,7,7,12,04:38 AM,04:56 PM,07:14 AM,07:20 PM,22,35,35,31,16,76,59,0.0,1009,31,10,53,13
2019-03-03 18:00:00,32,26,0.0,8.8,7,6,12,04:38 AM,04:56 PM,07:14 AM,07:20 PM,22,32,32,29,24,72,65,0.1,1007,29,10,49,18
2019-03-03 21:00:00,32,26,0.0,8.8,7,1,12,04:38 AM,04:56 PM,07:14 AM,07:20 PM,22,29,29,27,26,49,72,0.1,1008,27,10,43,18
2019-03-04 00:00:00,32,24,0.0,11.6,7,1,4,05:25 AM,05:43 PM,07:14 AM,07:19 PM,22,29,29,27,20,1,74,0.0,1010,27,10,38,14
2019-03-04 03:00:00,32,24,0.0,11.6,7,1,4,05:25 AM,05:43 PM,07:14 AM,07:19 PM,22,29,29,27,17,2,74,0.0,1009,27,10,24,13
2019-03-04 06:00:00,32,24,0.0,11.6,7,1,4,05:25 AM,05:43 PM,07:14 AM,07:19 PM,21,28,28,26,18,2,73,0.0,1009,26,10,13,13
2019-03-04 09:00:00,32,24,0.0,11.6,7,7,4,05:25 AM,05:43 PM,07:14 AM,07:19 PM,21,30,30,27,17,4,69,0.0,1010,27,10,17,13
2019-03-04 12:00:00,32,24,0.0,11.6,7,8,4,05:25 AM,05:43 PM,07:14 AM,07:19 PM,22,34,34,31,14,10,61,0.0,1010,31,10,30,12
2019-03-04 15:00:00,32,24,0.0,11.6,7,8,4,05:25 AM,05:43 PM,07:14 AM,07:19 PM,22,36,36,32,17,27,58,0.0,1008,32,10,51,14
2019-03-04 18:00:00,32,24,0.0,11.6,7,7,4,05:25 AM,05:43 PM,07:14 AM,07:19 PM,22,33,33,29,25,23,65,0.0,1007,29,10,52,19
2019-03-04 21:00:00,32,24,0.0,11.6,7,1,4,05:25 AM,05:43 PM,07:14 AM,07:19 PM,22,29,29,26,24,4,73,0.0,1008,26,10,43,17
2019-03-05 00:00:00,33,26,0.0,11.6,8,1,0,06:10 AM,06:28 PM,07:14 AM,07:19 PM,23,27,27,25,16,4,76,0.0,1010,25,10,37,12
2019-03-05 03:00:00,33,26,0.0,11.6,8,1,0,06:10 AM,06:28 PM,07:14 AM,07:19 PM,23,29,29,27,15,5,78,0.0,1009,27,10,19,12
2019-03-05 06:00:00,33,26,0.0,11.6,8,1,0,06:10 AM,06:28 PM,07:14 AM,07:19 PM,22,29,29,26,17,2,79,0.0,1009,26,10,10,13
2019-03-05 09:00:00,33,26,0.0,11.6,8,7,0,06:10 AM,06:28 PM,07:14 AM,07:19 PM,22,30,30,27,17,6,72,0.0,1010,27,10,17,13
2019-03-05 12:00:00,33,26,0.0,11.6,8,8,0,06:10 AM,06:28 PM,07:14 AM,07:19 PM,22,36,36,31,12,13,60,0.0,1011,31,10,27,10
2019-03-05 15:00:00,33,26,0.0,11.6,8,8,0,06:10 AM,06:28 PM,07:14 AM,07:19 PM,23,38,38,33,13,28,57,0.0,1009,33,10,45,10
2019-03-05 18:00:00,33,26,0.0,11.6,8,7,0,06:10 AM,06:28 PM,07:14 AM,07:19 PM,22,34,34,30,19,57,62,0.1,1008,30,10,51,14
2019-03-05 21:00:00,33,26,0.0,11.6,8,1,0,06:10 AM,06:28 PM,07:14 AM,07:19 PM,23,31,31,28,22,73,74,0.1,1010,28,9,30,14
2019-03-06 00:00:00,31,26,0.0,7.4,7,1,0,06:54 AM,07:12 PM,07:13 AM,07:19 PM,23,31,31,27,15,40,79,0.0,1011,27,10,128,10
2019-03-06 03:00:00,31,26,0.0,7.4,7,1,0,06:54 AM,07:12 PM,07:13 AM,07:19 PM,24,30,30,27,14,48,83,0.3,1011,27,10,240,10
2019-03-06 06:00:00,31,26,0.0,7.4,7,1,0,06:54 AM,07:12 PM,07:13 AM,07:19 PM,23,29,29,26,16,72,84,1.5,1010,26,8,122,10
2019-03-06 09:00:00,31,26,0.0,7.4,7,6,0,06:54 AM,07:12 PM,07:13 AM,07:19 PM,23,31,31,28,15,58,74,1.7,1011,28,8,245,10
2019-03-06 12:00:00,31,26,0.0,7.4,7,7,0,06:54 AM,07:12 PM,07:13 AM,07:19 PM,23,35,35,31,15,73,61,0.1,1012,31,10,41,12
2019-03-06 15:00:00,31,26,0.0,7.4,7,7,0,06:54 AM,07:12 PM,07:13 AM,07:19 PM,23,36,36,31,21,78,63,1.3,1011,31,9,52,14
2019-03-06 18:00:00,31,26,0.0,7.4,7,6,0,06:54 AM,07:12 PM,07:13 AM,07:19 PM,23,34,34,30,27,79,69,3.2,1010,30,7,47,16
2019-03-06 21:00:00,31,26,0.0,7.4,7,1,0,06:54 AM,07:12 PM,07:13 AM,07:19 PM,23,32,32,28,24,74,75,2.2,1011,28,8,43,15
2019-03-07 00:00:00,34,27,0.0,10.2,8,1,3,07:36 AM,07:55 PM,07:13 AM,07:19 PM,24,32,32,28,19,48,78,0.0,1012,28,10,33,13
2019-03-07 03:00:00,34,27,0.0,10.2,8,1,3,07:36 AM,07:55 PM,07:13 AM,07:19 PM,24,31,31,28,15,53,79,0.0,1011,28,10,36,10
2019-03-07 06:00:00,34,27,0.0,10.2,8,1,3,07:36 AM,07:55 PM,07:13 AM,07:19 PM,23,30,30,27,12,77,75,0.0,1010,27,10,41,8
2019-03-07 09:00:00,34,27,0.0,10.2,8,7,3,07:36 AM,07:55 PM,07:13 AM,07:19 PM,22,31,31,28,10,66,70,0.1,1011,28,10,33,7
2019-03-07 12:00:00,34,27,0.0,10.2,8,8,3,07:36 AM,07:55 PM,07:13 AM,07:19 PM,23,36,36,32,7,21,59,0.0,1012,32,10,41,6
2019-03-07 15:00:00,34,27,0.0,10.2,8,8,3,07:36 AM,07:55 PM,07:13 AM,07:19 PM,23,38,38,33,12,30,56,0.0,1010,33,10,75,10
2019-03-07 18:00:00,34,27,0.0,10.2,8,7,3,07:36 AM,07:55 PM,07:13 AM,07:19 PM,23,35,35,31,21,46,62,0.0,1009,31,10,72,16
2019-03-07 21:00:00,34,27,0.0,10.2,8,1,3,07:36 AM,07:55 PM,07:13 AM,07:19 PM,23,32,32,29,22,62,74,0.0,1010,29,10,55,15
2019-03-08 00:00:00,32,27,0.0,10.2,6,1,10,08:18 AM,08:38 PM,07:13 AM,07:19 PM,24,32,32,28,19,61,77,0.0,1012,28,10,55,13
2019-03-08 03:00:00,32,27,0.0,10.2,6,1,10,08:18 AM,08:38 PM,07:13 AM,07:19 PM,24,31,31,27,19,76,80,0.3,1011,27,10,53,13
2019-03-08 06:00:00,32,27,0.0,10.2,6,1,10,08:18 AM,08:38 PM,07:13 AM,07:19 PM,23,30,30,27,19,78,81,1.8,1010,27,8,38,12
2019-03-08 09:00:00,32,27,0.0,10.2,6,7,10,08:18 AM,08:38 PM,07:13 AM,07:19 PM,23,31,31,28,19,61,76,2.6,1011,28,8,35,12
2019-03-08 12:00:00,32,27,0.0,10.2,6,8,10,08:18 AM,08:38 PM,07:13 AM,07:19 PM,23,35,35,31,15,28,65,0.0,1012,31,10,56,13
2019-03-08 15:00:00,32,27,0.0,10.2,6,8,10,08:18 AM,08:38 PM,07:13 AM,07:19 PM,23,36,36,32,18,33,61,0.0,1010,32,10,63,15
2019-03-08 18:00:00,32,27,0.0,10.2,6,7,10,08:18 AM,08:38 PM,07:13 AM,07:19 PM,23,34,34,30,24,17,67,0.0,1009,30,10,62,18
2019-03-08 21:00:00,32,27,0.0,10.2,6,1,10,08:18 AM,08:38 PM,07:13 AM,07:19 PM,23,32,32,28,25,9,75,0.0,1010,28,10,56,17
2019-03-09 00:00:00,33,27,0.0,11.6,8,1,17,09:00 AM,09:21 PM,07:13 AM,07:18 PM,24,31,31,28,21,24,78,0.0,1012,28,10,51,14
2019-03-09 03:00:00,33,27,0.0,11.6,8,1,17,09:00 AM,09:21 PM,07:13 AM,07:18 PM,24,31,31,27,19,42,80,0.0,1011,27,10,51,13
2019-03-09 06:00:00,33,27,0.0,11.6,8,1,17,09:00 AM,09:21 PM,07:13 AM,07:18 PM,24,31,31,27,17,51,80,0.0,1011,27,10,48,12
2019-03-09 09:00:00,33,27,0.0,11.6,8,7,17,09:00 AM,09:21 PM,07:13 AM,07:18 PM,23,32,32,29,14,37,74,0.0,1012,29,10,51,11
2019-03-09 12:00:00,33,27,0.0,11.6,8,8,17,09:00 AM,09:21 PM,07:13 AM,07:18 PM,23,36,36,31,13,11,62,0.0,1012,31,10,70,12
2019-03-09 15:00:00,33,27,0.0,11.6,8,8,17,09:00 AM,09:21 PM,07:13 AM,07:18 PM,23,38,38,32,17,20,59,0.0,1010,32,10,80,14
2019-03-09 18:00:00,33,27,0.0,11.6,8,8,17,09:00 AM,09:21 PM,07:13 AM,07:18 PM,23,35,35,31,23,22,65,0.0,1009,31,10,69,18
2019-03-09 21:00:00,33,27,0.0,11.6,8,1,17,09:00 AM,09:21 PM,07:13 AM,07:18 PM,23,32,32,28,22,25,72,0.0,1011,28,10,60,16
2019-03-10 00:00:00,33,28,0.0,7.4,8,1,24,09:43 AM,10:05 PM,07:12 AM,07:18 PM,23,32,32,28,17,37,74,0.0,1012,28,10,63,12
2019-03-10 03:00:00,33,28,0.0,7.4,8,1,24,09:43 AM,10:05 PM,07:12 AM,07:18 PM,23,31,31,28,14,25,76,0.0,1011,28,10,75,10
2019-03-10 06:00:00,33,28,0.0,7.4,8,1,24,09:43 AM,10:05 PM,07:12 AM,07:18 PM,23,31,31,28,12,47,76,0.0,1011,28,10,79,8
2019-03-10 09:00:00,33,28,0.0,7.4,8,7,24,09:43 AM,10:05 PM,07:12 AM,07:18 PM,23,32,32,29,12,61,71,0.0,1012,29,10,76,9
2019-03-10 12:00:00,33,28,0.0,7.4,8,7,24,09:43 AM,10:05 PM,07:12 AM,07:18 PM,23,36,36,32,11,38,60,0.0,1013,32,10,94,9
2019-03-10 15:00:00,33,28,0.0,7.4,8,7,24,09:43 AM,10:05 PM,07:12 AM,07:18 PM,23,38,38,33,12,70,57,0.1,1011,33,10,98,10
2019-03-10 18:00:00,33,28,0.0,7.4,8,7,24,09:43 AM,10:05 PM,07:12 AM,07:18 PM,23,36,36,31,14,71,63,0.2,1010,31,10,72,10
2019-03-10 21:00:00,33,28,0.0,7.4,8,1,24,09:43 AM,10:05 PM,07:12 AM,07:18 PM,23,33,33,29,15,74,72,0.2,1011,29,9,50,11
2019-03-11 00:00:00,33,27,0.0,7.4,7,1,32,10:27 AM,10:51 PM,07:12 AM,07:18 PM,23,32,32,28,14,70,75,0.3,1013,28,9,33,10
2019-03-11 03:00:00,33,27,0.0,7.4,7,1,32,10:27 AM,10:51 PM,07:12 AM,07:18 PM,23,31,31,28,12,68,77,0.3,1012,28,10,23,9
2019-03-11 06:00:00,33,27,0.0,7.4,7,1,32,10:27 AM,10:51 PM,07:12 AM,07:18 PM,23,31,31,27,14,78,79,2.1,1011,27,9,127,8
2019-03-11 09:00:00,33,27,0.0,7.4,7,7,32,10:27 AM,10:51 PM,07:12 AM,07:18 PM,23,33,33,29,13,65,73,4.2,1012,29,8,249,7
2019-03-11 12:00:00,33,27,0.0,7.4,7,7,32,10:27 AM,10:51 PM,07:12 AM,07:18 PM,23,38,38,33,5,52,58,0.5,1013,33,10,46,4
2019-03-11 15:00:00,33,27,0.0,7.4,7,7,32,10:27 AM,10:51 PM,07:12 AM,07:18 PM,24,39,39,33,10,79,59,2.2,1011,33,8,53,6
2019-03-11 18:00:00,33,27,0.0,7.4,7,7,32,10:27 AM,10:51 PM,07:12 AM,07:18 PM,24,37,37,31,21,77,68,4.0,1010,31,7,39,12
2019-03-11 21:00:00,33,27,0.0,7.4,7,1,32,10:27 AM,10:51 PM,07:12 AM,07:18 PM,24,34,34,29,23,70,77,3.1,1011,29,8,36,14
